FREQ_code,REF_AREA_code,IND_TYPE_code,USO_ENERGIA_code,VALUE,date
A,ITC46,EE_DOM_XAB,1,1241,2000
A,ITC46,EE_DOM_XAB,1,1298,2001
A,ITC46,EE_DOM_XAB,1,1312,2002
A,ITC46,EE_DOM_XAB,1,1336,2003
A,ITC46,EE_DOM_XAB,1,1336,2004
A,ITC46,EE_DOM_XAB,1,1283,2005
A,ITC46,EE_DOM_XAB,1,1293,2006
A,ITC46,EE_DOM_XAB,1,1300,2007
A,ITC46,EE_DOM_XAB,1,1320,2008
A,ITC46,EE_DOM_XAB,1,1301,2009
A,ITC46,EE_DOM_XAB,1,1299,2010
A,ITC46,EE_DOM_XAB,1,1253,2011
A,ITC46,EE_DOM_XAB,1,1255,2012
A,ITC46,EE_DOM_XUT,1,2533,2000
A,ITC46,EE_DOM_XUT,1,2479,2001
A,ITC46,EE_DOM_XUT,1,2564,2002
A,ITC46,EE_DOM_XUT,1,2514,2003
A,ITC46,EE_DOM_XUT,1,2529,2004
A,ITC46,EE_DOM_XUT,1,2447,2005
A,ITC46,EE_DOM_XUT,1,2440,2006
A,ITC46,EE_DOM_XUT,1,2433,2007
A,ITC46,EE_DOM_XUT,1,2444,2008
A,ITC46,EE_DOM_XUT,1,2409,2009
A,ITC46,EE_DOM_XUT,1,2433,2010
A,ITC46,EE_DOM_XUT,1,2360,2011
A,ITC46,EE_DOM_XUT,1,2347,2012
A,ITC46,GM_DOMRISC_XAB,7,712,2000
A,ITC46,GM_DOMRISC_XAB,7,770,2001
A,ITC46,GM_DOMRISC_XAB,7,791,2002
A,ITC46,GM_DOMRISC_XAB,7,867,2003
A,ITC46,GM_DOMRISC_XAB,7,867,2004
A,ITC46,GM_DOMRISC_XAB,7,852,2005
A,ITC46,GM_DOMRISC_XAB,7,845,2006
A,ITC46,GM_DOMRISC_XAB,7,827,2007
A,ITC46,GM_DOMRISC_XAB,7,836,2008
A,ITC46,GM_DOMRISC_XAB,7,846,2009
A,ITC46,GM_DOMRISC_XAB,7,868,2010
A,ITC46,GM_DOMRISC_XAB,7,787,2011
