REF_AREA_code,IND_TYPE_code,LIVELLO_code,FREQ_code,VALUE,date
ATO1,AES_EFF,1,A,23938.0,1999
ATO1,AES_EFF,1,A,25113.0,2005
ATO1,AES_EFF,1,A,26456.0,2008
ATO1,AES_EFF,1,A,65004.0,2012
ATO1,AES_EFF,2,A,59846.0,1999
ATO1,AES_EFF,2,A,62334.0,2005
ATO1,AES_EFF,2,A,68504.0,2008
ATO1,AES_EFF,2,A,425303.0,2012
ATO1,AES_EFF,3,A,522549.0,1999
ATO1,AES_EFF,3,A,523149.0,2005
ATO1,AES_EFF,3,A,524919.0,2008
ATO1,AES_EFF,3,A,356846.0,2012
ATO1,AES_EFF,9,A,606333.0,1999
ATO1,AES_EFF,9,A,610596.0,2005
ATO1,AES_EFF,9,A,619879.0,2008
ATO1,AES_EFF,9,A,847153.0,2012
ATO1,DEP_ESER,1,A,101.0,1999
ATO1,DEP_ESER,1,A,105.0,2005
ATO1,DEP_ESER,1,A,112.0,2008
ATO1,DEP_ESER,1,A,179.0,2012
ATO1,DEP_ESER,2,A,58.0,1999
ATO1,DEP_ESER,2,A,64.0,2005
ATO1,DEP_ESER,2,A,65.0,2008
ATO1,DEP_ESER,2,A,77.0,2012
ATO1,DEP_ESER,3,A,20.0,1999
ATO1,DEP_ESER,3,A,21.0,2005
ATO1,DEP_ESER,3,A,21.0,2008
ATO1,DEP_ESER,3,A,14.0,2012
ATO1,DEP_ESER,9,A,179.0,1999
ATO1,DEP_ESER,9,A,190.0,2005
ATO1,DEP_ESER,9,A,198.0,2008
ATO1,DEP_ESER,9,A,270.0,2012
ATO10,AES_EFF,3,A,1895606.0,2005
ATO10,AES_EFF,3,A,1895606.0,2008
ATO10,AES_EFF,3,A,1817852.0,2012
ATO10,AES_EFF,9,A,1895606.0,2005
ATO10,AES_EFF,9,A,1895606.0,2008
ATO10,AES_EFF,9,A,1817852.0,2012
ATO10,DEP_ESER,3,A,3.0,2005
ATO10,DEP_ESER,3,A,3.0,2008
ATO10,DEP_ESER,3,A,2.0,2012
ATO10,DEP_ESER,9,A,3.0,2005
ATO10,DEP_ESER,9,A,3.0,2008
ATO10,DEP_ESER,9,A,2.0,2012
ATO11,AES_EFF,1,A,10937.0,1999
ATO11,AES_EFF,1,A,10986.0,2005
ATO11,AES_EFF,1,A,3204.0,2008
ATO11,AES_EFF,1,A,9639.0,2012
ATO11,AES_EFF,2,A,39898.0,1999
ATO11,AES_EFF,2,A,40362.0,2005
ATO11,AES_EFF,2,A,56093.0,2008
ATO11,AES_EFF,2,A,120398.0,2012
ATO11,AES_EFF,3,A,758034.0,1999
ATO11,AES_EFF,3,A,756819.0,2005
ATO11,AES_EFF,3,A,784695.0,2008
ATO11,AES_EFF,3,A,579051.0,2012
ATO11,AES_EFF,9,A,808869.0,1999
ATO11,AES_EFF,9,A,808167.0,2005
ATO11,AES_EFF,9,A,843992.0,2008
ATO11,AES_EFF,9,A,709088.0,2012
ATO11,DEP_ESER,1,A,12.0,1999
ATO11,DEP_ESER,1,A,12.0,2005
ATO11,DEP_ESER,1,A,10.0,2008
ATO11,DEP_ESER,1,A,15.0,2012
ATO11,DEP_ESER,2,A,13.0,1999
ATO11,DEP_ESER,2,A,13.0,2005
ATO11,DEP_ESER,2,A,13.0,2008
ATO11,DEP_ESER,2,A,17.0,2012
ATO11,DEP_ESER,3,A,22.0,1999
ATO11,DEP_ESER,3,A,22.0,2005
ATO11,DEP_ESER,3,A,25.0,2008
ATO11,DEP_ESER,3,A,21.0,2012
ATO11,DEP_ESER,9,A,47.0,1999
ATO11,DEP_ESER,9,A,47.0,2005
ATO11,DEP_ESER,9,A,48.0,2008
ATO11,DEP_ESER,9,A,52.0,2012
ATO12,AES_EFF,1,A,17546.0,1999
ATO12,AES_EFF,1,A,17861.0,2005
ATO12,AES_EFF,1,A,7856.0,2008
ATO12,AES_EFF,1,A,34937.0,2012
ATO12,AES_EFF,2,A,121417.0,1999
ATO12,AES_EFF,2,A,161417.0,2005
ATO12,AES_EFF,2,A,202587.0,2008
ATO12,AES_EFF,2,A,132341.0,2012
ATO12,AES_EFF,3,A,304283.0,1999
ATO12,AES_EFF,3,A,350161.0,2005
ATO12,AES_EFF,3,A,352106.0,2008
ATO12,AES_EFF,3,A,327238.0,2012
ATO12,AES_EFF,9,A,443246.0,1999
ATO12,AES_EFF,9,A,529439.0,2005
ATO12,AES_EFF,9,A,562550.0,2008
ATO12,AES_EFF,9,A,494516.0,2012
ATO12,DEP_ESER,1,A,29.0,1999
ATO12,DEP_ESER,1,A,30.0,2005
ATO12,DEP_ESER,1,A,29.0,2008
ATO12,DEP_ESER,1,A,43.0,2012
ATO12,DEP_ESER,2,A,39.0,1999
ATO12,DEP_ESER,2,A,40.0,2005
ATO12,DEP_ESER,2,A,58.0,2008
ATO12,DEP_ESER,2,A,49.0,2012
ATO12,DEP_ESER,3,A,9.0,1999
ATO12,DEP_ESER,3,A,9.0,2005
ATO12,DEP_ESER,3,A,11.0,2008
ATO12,DEP_ESER,3,A,18.0,2012
ATO12,DEP_ESER,9,A,77.0,1999
ATO12,DEP_ESER,9,A,79.0,2005
ATO12,DEP_ESER,9,A,98.0,2008
ATO12,DEP_ESER,9,A,110.0,2012
ATO13,AES_EFF,1,A,32081.0,1999
ATO13,AES_EFF,1,A,32082.0,2005
ATO13,AES_EFF,1,A,14047.0,2008
ATO13,AES_EFF,1,A,23375.0,2012
ATO13,AES_EFF,2,A,15922.0,1999
ATO13,AES_EFF,2,A,15922.0,2005
ATO13,AES_EFF,2,A,27432.0,2008
ATO13,AES_EFF,2,A,289200.0,2012
ATO13,AES_EFF,3,A,356064.0,1999
ATO13,AES_EFF,3,A,359719.0,2005
ATO13,AES_EFF,3,A,390678.0,2008
ATO13,AES_EFF,3,A,124300.0,2012
ATO13,AES_EFF,9,A,404067.0,1999
ATO13,AES_EFF,9,A,407723.0,2005
ATO13,AES_EFF,9,A,432157.0,2008
ATO13,AES_EFF,9,A,436875.0,2012
ATO13,DEP_ESER,1,A,21.0,1999
ATO13,DEP_ESER,1,A,21.0,2005
ATO13,DEP_ESER,1,A,27.0,2008
ATO13,DEP_ESER,1,A,44.0,2012
ATO13,DEP_ESER,2,A,8.0,1999
ATO13,DEP_ESER,2,A,8.0,2005
ATO13,DEP_ESER,2,A,17.0,2008
ATO13,DEP_ESER,2,A,20.0,2012
ATO13,DEP_ESER,3,A,15.0,1999
ATO13,DEP_ESER,3,A,15.0,2005
ATO13,DEP_ESER,3,A,19.0,2008
ATO13,DEP_ESER,3,A,6.0,2012
ATO13,DEP_ESER,9,A,44.0,1999
ATO13,DEP_ESER,9,A,44.0,2005
ATO13,DEP_ESER,9,A,63.0,2008
ATO13,DEP_ESER,9,A,70.0,2012
ATO14,AES_EFF,1,A,1126.0,1999
ATO14,AES_EFF,1,A,1206.0,2005
ATO14,AES_EFF,1,A,3313.0,2008
ATO14,AES_EFF,1,A,3313.0,2012
ATO14,AES_EFF,2,A,59418.0,1999
ATO14,AES_EFF,2,A,56073.0,2005
ATO14,AES_EFF,2,A,64652.0,2008
ATO14,AES_EFF,2,A,64654.0,2012
ATO14,AES_EFF,3,A,137926.0,1999
ATO14,AES_EFF,3,A,139889.0,2005
ATO14,AES_EFF,3,A,147649.0,2008
ATO14,AES_EFF,3,A,147649.0,2012
ATO14,AES_EFF,9,A,198469.0,1999
ATO14,AES_EFF,9,A,197168.0,2005
ATO14,AES_EFF,9,A,215613.0,2008
ATO14,AES_EFF,9,A,215616.0,2012
ATO14,DEP_ESER,1,A,6.0,1999
ATO14,DEP_ESER,1,A,6.0,2005
ATO14,DEP_ESER,1,A,7.0,2008
ATO14,DEP_ESER,1,A,9.0,2012
ATO14,DEP_ESER,2,A,51.0,1999
ATO14,DEP_ESER,2,A,51.0,2005
ATO14,DEP_ESER,2,A,58.0,2008
ATO14,DEP_ESER,2,A,59.0,2012
ATO14,DEP_ESER,3,A,9.0,1999
ATO14,DEP_ESER,3,A,10.0,2005
ATO14,DEP_ESER,3,A,13.0,2008
ATO14,DEP_ESER,3,A,14.0,2012
ATO14,DEP_ESER,9,A,66.0,1999
ATO14,DEP_ESER,9,A,67.0,2005
ATO14,DEP_ESER,9,A,78.0,2008
ATO14,DEP_ESER,9,A,82.0,2012
ATO15,AES_EFF,1,A,5068.0,1999
ATO15,AES_EFF,1,A,18568.0,2005
ATO15,AES_EFF,1,A,14997.0,2008
ATO15,AES_EFF,1,A,35061.0,2012
ATO15,AES_EFF,2,A,104961.0,1999
ATO15,AES_EFF,2,A,110849.0,2005
ATO15,AES_EFF,2,A,122832.0,2008
ATO15,AES_EFF,2,A,122967.0,2012
ATO15,AES_EFF,3,A,197817.0,1999
ATO15,AES_EFF,3,A,213774.0,2005
ATO15,AES_EFF,3,A,242830.0,2008
ATO15,AES_EFF,3,A,180414.0,2012
ATO15,AES_EFF,9,A,307846.0,1999
ATO15,AES_EFF,9,A,343191.0,2005
ATO15,AES_EFF,9,A,380659.0,2008
ATO15,AES_EFF,9,A,338442.0,2012
ATO15,DEP_ESER,1,A,5.0,1999
ATO15,DEP_ESER,1,A,7.0,2005
ATO15,DEP_ESER,1,A,6.0,2008
ATO15,DEP_ESER,1,A,10.0,2012
ATO15,DEP_ESER,2,A,81.0,1999
ATO15,DEP_ESER,2,A,83.0,2005
ATO15,DEP_ESER,2,A,88.0,2008
ATO15,DEP_ESER,2,A,103.0,2012
ATO15,DEP_ESER,3,A,29.0,1999
ATO15,DEP_ESER,3,A,30.0,2005
ATO15,DEP_ESER,3,A,34.0,2008
ATO15,DEP_ESER,3,A,25.0,2012
ATO15,DEP_ESER,9,A,115.0,1999
ATO15,DEP_ESER,9,A,120.0,2005
ATO15,DEP_ESER,9,A,128.0,2008
ATO15,DEP_ESER,9,A,138.0,2012
ATO16,AES_EFF,1,A,20000.0,1999
ATO16,AES_EFF,1,A,20000.0,2005
ATO16,AES_EFF,1,A,280.0,2008
ATO16,AES_EFF,1,A,130926.0,2012
ATO16,AES_EFF,2,A,229417.0,1999
ATO16,AES_EFF,2,A,229997.0,2005
ATO16,AES_EFF,2,A,229588.0,2008
ATO16,AES_EFF,2,A,112078.0,2012
ATO16,AES_EFF,3,A,2056205.0,1999
ATO16,AES_EFF,3,A,2122802.0,2005
ATO16,AES_EFF,3,A,2376650.0,2008
ATO16,AES_EFF,3,A,2311650.0,2012
ATO16,AES_EFF,9,A,2305622.0,1999
ATO16,AES_EFF,9,A,2372799.0,2005
ATO16,AES_EFF,9,A,2606518.0,2008
ATO16,AES_EFF,9,A,2554654.0,2012
ATO16,DEP_ESER,1,A,1.0,1999
ATO16,DEP_ESER,1,A,1.0,2005
ATO16,DEP_ESER,1,A,1.0,2008
ATO16,DEP_ESER,1,A,4.0,2012
ATO16,DEP_ESER,2,A,23.0,1999
ATO16,DEP_ESER,2,A,24.0,2005
ATO16,DEP_ESER,2,A,24.0,2008
ATO16,DEP_ESER,2,A,20.0,2012
ATO16,DEP_ESER,3,A,28.0,1999
ATO16,DEP_ESER,3,A,30.0,2005
ATO16,DEP_ESER,3,A,32.0,2008
ATO16,DEP_ESER,3,A,36.0,2012
ATO16,DEP_ESER,9,A,52.0,1999
ATO16,DEP_ESER,9,A,55.0,2005
ATO16,DEP_ESER,9,A,57.0,2008
ATO16,DEP_ESER,9,A,60.0,2012
ATO17,AES_EFF,1,A,28094.0,1999
ATO17,AES_EFF,1,A,31350.0,2005
ATO17,AES_EFF,1,A,35507.0,2008
ATO17,AES_EFF,1,A,35674.0,2012
ATO17,AES_EFF,2,A,78188.0,1999
ATO17,AES_EFF,2,A,79064.0,2005
ATO17,AES_EFF,2,A,123073.0,2008
ATO17,AES_EFF,2,A,260908.0,2012
ATO17,AES_EFF,3,A,334300.0,1999
ATO17,AES_EFF,3,A,353450.0,2005
ATO17,AES_EFF,3,A,481605.0,2008
ATO17,AES_EFF,3,A,370623.0,2012
ATO17,AES_EFF,9,A,440583.0,1999
ATO17,AES_EFF,9,A,463864.0,2005
ATO17,AES_EFF,9,A,640185.0,2008
ATO17,AES_EFF,9,A,667205.0,2012
ATO17,DEP_ESER,1,A,232.0,1999
ATO17,DEP_ESER,1,A,237.0,2005
ATO17,DEP_ESER,1,A,304.0,2008
ATO17,DEP_ESER,1,A,365.0,2012
ATO17,DEP_ESER,2,A,61.0,1999
ATO17,DEP_ESER,2,A,62.0,2005
ATO17,DEP_ESER,2,A,86.0,2008
ATO17,DEP_ESER,2,A,92.0,2012
ATO17,DEP_ESER,3,A,32.0,1999
ATO17,DEP_ESER,3,A,32.0,2005
ATO17,DEP_ESER,3,A,41.0,2008
ATO17,DEP_ESER,3,A,37.0,2012
ATO17,DEP_ESER,9,A,325.0,1999
ATO17,DEP_ESER,9,A,331.0,2005
ATO17,DEP_ESER,9,A,431.0,2008
ATO17,DEP_ESER,9,A,494.0,2012
ATO18,AES_EFF,1,A,21126.0,1999
ATO18,AES_EFF,1,A,21918.0,2005
ATO18,AES_EFF,1,A,18556.0,2008
ATO18,AES_EFF,1,A,27731.0,2012
ATO18,AES_EFF,2,A,29092.0,1999
ATO18,AES_EFF,2,A,39760.0,2005
ATO18,AES_EFF,2,A,42022.0,2008
ATO18,AES_EFF,2,A,94388.0,2012
ATO18,AES_EFF,3,A,167632.0,1999
ATO18,AES_EFF,3,A,168132.0,2005
ATO18,AES_EFF,3,A,248126.0,2008
ATO18,AES_EFF,3,A,240643.0,2012
ATO18,AES_EFF,9,A,217850.0,1999
ATO18,AES_EFF,9,A,229810.0,2005
ATO18,AES_EFF,9,A,308704.0,2008
ATO18,AES_EFF,9,A,362762.0,2012
ATO18,DEP_ESER,1,A,37.0,1999
ATO18,DEP_ESER,1,A,42.0,2005
ATO18,DEP_ESER,1,A,39.0,2008
ATO18,DEP_ESER,1,A,53.0,2012
ATO18,DEP_ESER,2,A,9.0,1999
ATO18,DEP_ESER,2,A,11.0,2005
ATO18,DEP_ESER,2,A,14.0,2008
ATO18,DEP_ESER,2,A,16.0,2012
ATO18,DEP_ESER,3,A,13.0,1999
ATO18,DEP_ESER,3,A,13.0,2005
ATO18,DEP_ESER,3,A,19.0,2008
ATO18,DEP_ESER,3,A,16.0,2012
ATO18,DEP_ESER,9,A,59.0,1999
ATO18,DEP_ESER,9,A,66.0,2005
ATO18,DEP_ESER,9,A,72.0,2008
ATO18,DEP_ESER,9,A,84.0,2012
ATO19,AES_EFF,1,A,9410.0,1999
ATO19,AES_EFF,1,A,9357.0,2005
ATO19,AES_EFF,1,A,8025.0,2008
ATO19,AES_EFF,1,A,9211.0,2012
ATO19,AES_EFF,2,A,122402.0,1999
ATO19,AES_EFF,2,A,123252.0,2005
ATO19,AES_EFF,2,A,133177.0,2008
ATO19,AES_EFF,2,A,119383.0,2012
ATO19,AES_EFF,3,A,843882.0,1999
ATO19,AES_EFF,3,A,874418.0,2005
ATO19,AES_EFF,3,A,1025062.0,2008
ATO19,AES_EFF,3,A,740776.0,2012
ATO19,AES_EFF,9,A,975694.0,1999
ATO19,AES_EFF,9,A,1007027.0,2005
ATO19,AES_EFF,9,A,1166264.0,2008
ATO19,AES_EFF,9,A,869370.0,2012
ATO19,DEP_ESER,1,A,19.0,1999
ATO19,DEP_ESER,1,A,19.0,2005
ATO19,DEP_ESER,1,A,19.0,2008
ATO19,DEP_ESER,1,A,37.0,2012
ATO19,DEP_ESER,2,A,22.0,1999
ATO19,DEP_ESER,2,A,22.0,2005
ATO19,DEP_ESER,2,A,26.0,2008
ATO19,DEP_ESER,2,A,25.0,2012
ATO19,DEP_ESER,3,A,33.0,1999
ATO19,DEP_ESER,3,A,33.0,2005
ATO19,DEP_ESER,3,A,36.0,2008
ATO19,DEP_ESER,3,A,34.0,2012
ATO19,DEP_ESER,9,A,74.0,1999
ATO19,DEP_ESER,9,A,74.0,2005
ATO19,DEP_ESER,9,A,81.0,2008
ATO19,DEP_ESER,9,A,96.0,2012
ATO2,AES_EFF,1,A,38919.0,1999
ATO2,AES_EFF,1,A,60427.0,2005
ATO2,AES_EFF,1,A,60488.0,2008
ATO2,AES_EFF,1,A,61786.0,2012
ATO2,AES_EFF,2,A,272144.0,1999
ATO2,AES_EFF,2,A,292566.0,2005
ATO2,AES_EFF,2,A,313374.0,2008
ATO2,AES_EFF,2,A,392161.0,2012
ATO2,AES_EFF,3,A,380569.0,1999
ATO2,AES_EFF,3,A,381545.0,2005
ATO2,AES_EFF,3,A,381945.0,2008
ATO2,AES_EFF,3,A,187585.0,2012
ATO2,AES_EFF,9,A,691631.0,1999
ATO2,AES_EFF,9,A,734537.0,2005
ATO2,AES_EFF,9,A,755807.0,2008
ATO2,AES_EFF,9,A,641532.0,2012
ATO2,DEP_ESER,1,A,302.0,1999
ATO2,DEP_ESER,1,A,483.0,2005
ATO2,DEP_ESER,1,A,518.0,2008
ATO2,DEP_ESER,1,A,658.0,2012
ATO2,DEP_ESER,2,A,64.0,1999
ATO2,DEP_ESER,2,A,93.0,2005
ATO2,DEP_ESER,2,A,101.0,2008
ATO2,DEP_ESER,2,A,112.0,2012
ATO2,DEP_ESER,3,A,4.0,1999
ATO2,DEP_ESER,3,A,4.0,2005
ATO2,DEP_ESER,3,A,5.0,2008
ATO2,DEP_ESER,3,A,7.0,2012
ATO2,DEP_ESER,9,A,370.0,1999
ATO2,DEP_ESER,9,A,580.0,2005
ATO2,DEP_ESER,9,A,624.0,2008
ATO2,DEP_ESER,9,A,777.0,2012
ATO22,AES_EFF,1,A,51692.0,1999
ATO22,AES_EFF,1,A,63973.0,2005
ATO22,AES_EFF,1,A,73318.0,2008
ATO22,AES_EFF,1,A,26558.0,2012
ATO22,AES_EFF,2,A,51979.0,1999
ATO22,AES_EFF,2,A,58418.0,2005
ATO22,AES_EFF,2,A,58122.0,2008
ATO22,AES_EFF,2,A,36253.0,2012
ATO22,AES_EFF,3,A,110201.0,1999
ATO22,AES_EFF,3,A,194180.0,2005
ATO22,AES_EFF,3,A,197744.0,2008
ATO22,AES_EFF,3,A,120251.0,2012
ATO22,AES_EFF,9,A,213872.0,1999
ATO22,AES_EFF,9,A,316571.0,2005
ATO22,AES_EFF,9,A,329184.0,2008
ATO22,AES_EFF,9,A,183062.0,2012
ATO22,DEP_ESER,1,A,241.0,1999
ATO22,DEP_ESER,1,A,295.0,2005
ATO22,DEP_ESER,1,A,312.0,2008
ATO22,DEP_ESER,1,A,337.0,2012
ATO22,DEP_ESER,2,A,46.0,1999
ATO22,DEP_ESER,2,A,50.0,2005
ATO22,DEP_ESER,2,A,47.0,2008
ATO22,DEP_ESER,2,A,45.0,2012
ATO22,DEP_ESER,3,A,12.0,1999
ATO22,DEP_ESER,3,A,14.0,2005
ATO22,DEP_ESER,3,A,14.0,2008
ATO22,DEP_ESER,3,A,23.0,2012
ATO22,DEP_ESER,9,A,299.0,1999
ATO22,DEP_ESER,9,A,359.0,2005
ATO22,DEP_ESER,9,A,373.0,2008
ATO22,DEP_ESER,9,A,405.0,2012
ATO23,AES_EFF,1,A,12260.0,1999
ATO23,AES_EFF,1,A,19300.0,2005
ATO23,AES_EFF,1,A,10548.0,2008
ATO23,AES_EFF,1,A,11149.0,2012
ATO23,AES_EFF,2,A,71889.0,1999
ATO23,AES_EFF,2,A,102111.0,2005
ATO23,AES_EFF,2,A,103149.0,2008
ATO23,AES_EFF,2,A,111887.0,2012
ATO23,AES_EFF,3,A,729976.0,1999
ATO23,AES_EFF,3,A,818542.0,2005
ATO23,AES_EFF,3,A,910222.0,2008
ATO23,AES_EFF,3,A,801824.0,2012
ATO23,AES_EFF,9,A,814125.0,1999
ATO23,AES_EFF,9,A,939953.0,2005
ATO23,AES_EFF,9,A,1023919.0,2008
ATO23,AES_EFF,9,A,924860.0,2012
ATO23,DEP_ESER,1,A,79.0,1999
ATO23,DEP_ESER,1,A,146.0,2005
ATO23,DEP_ESER,1,A,124.0,2008
ATO23,DEP_ESER,1,A,170.0,2012
ATO23,DEP_ESER,2,A,69.0,1999
ATO23,DEP_ESER,2,A,91.0,2005
ATO23,DEP_ESER,2,A,87.0,2008
ATO23,DEP_ESER,2,A,89.0,2012
ATO23,DEP_ESER,3,A,32.0,1999
ATO23,DEP_ESER,3,A,39.0,2005
ATO23,DEP_ESER,3,A,38.0,2008
ATO23,DEP_ESER,3,A,36.0,2012
ATO23,DEP_ESER,9,A,180.0,1999
ATO23,DEP_ESER,9,A,276.0,2005
ATO23,DEP_ESER,9,A,249.0,2008
ATO23,DEP_ESER,9,A,295.0,2012
ATO24,AES_EFF,1,A,3750.0,1999
ATO24,AES_EFF,1,A,5225.0,2005
ATO24,AES_EFF,1,A,7207.0,2008
ATO24,AES_EFF,1,A,7871.0,2012
ATO24,AES_EFF,2,A,17657.0,1999
ATO24,AES_EFF,2,A,22300.0,2005
ATO24,AES_EFF,2,A,7278.0,2008
ATO24,AES_EFF,2,A,9681.0,2012
ATO24,AES_EFF,3,A,347295.0,1999
ATO24,AES_EFF,3,A,344910.0,2005
ATO24,AES_EFF,3,A,418240.0,2008
ATO24,AES_EFF,3,A,523434.0,2012
ATO24,AES_EFF,9,A,368702.0,1999
ATO24,AES_EFF,9,A,372435.0,2005
ATO24,AES_EFF,9,A,432725.0,2008
ATO24,AES_EFF,9,A,540986.0,2012
ATO24,DEP_ESER,1,A,18.0,1999
ATO24,DEP_ESER,1,A,31.0,2005
ATO24,DEP_ESER,1,A,57.0,2008
ATO24,DEP_ESER,1,A,61.0,2012
ATO24,DEP_ESER,2,A,11.0,1999
ATO24,DEP_ESER,2,A,16.0,2005
ATO24,DEP_ESER,2,A,12.0,2008
ATO24,DEP_ESER,2,A,10.0,2012
ATO24,DEP_ESER,3,A,22.0,1999
ATO24,DEP_ESER,3,A,22.0,2005
ATO24,DEP_ESER,3,A,23.0,2008
ATO24,DEP_ESER,3,A,32.0,2012
ATO24,DEP_ESER,9,A,51.0,1999
ATO24,DEP_ESER,9,A,69.0,2005
ATO24,DEP_ESER,9,A,92.0,2008
ATO24,DEP_ESER,9,A,103.0,2012
ATO25,AES_EFF,1,A,1150.0,1999
ATO25,AES_EFF,1,A,1150.0,2005
ATO25,AES_EFF,1,A,1150.0,2008
ATO25,AES_EFF,1,A,100.0,2012
ATO25,AES_EFF,2,A,14753.0,2008
ATO25,AES_EFF,2,A,0.0,2012
ATO25,AES_EFF,3,A,602455.0,1999
ATO25,AES_EFF,3,A,611767.0,2005
ATO25,AES_EFF,3,A,621968.0,2008
ATO25,AES_EFF,3,A,575999.0,2012
ATO25,AES_EFF,9,A,603605.0,1999
ATO25,AES_EFF,9,A,612917.0,2005
ATO25,AES_EFF,9,A,637871.0,2008
ATO25,AES_EFF,9,A,576099.0,2012
ATO25,DEP_ESER,1,A,1.0,1999
ATO25,DEP_ESER,1,A,1.0,2005
ATO25,DEP_ESER,1,A,1.0,2008
ATO25,DEP_ESER,1,A,2.0,2012
ATO25,DEP_ESER,2,A,1.0,2008
ATO25,DEP_ESER,2,A,1.0,2012
ATO25,DEP_ESER,3,A,8.0,1999
ATO25,DEP_ESER,3,A,9.0,2005
ATO25,DEP_ESER,3,A,10.0,2008
ATO25,DEP_ESER,3,A,10.0,2012
ATO25,DEP_ESER,9,A,9.0,1999
ATO25,DEP_ESER,9,A,10.0,2005
ATO25,DEP_ESER,9,A,12.0,2008
ATO25,DEP_ESER,9,A,13.0,2012
ATO26,AES_EFF,1,A,8317.0,1999
ATO26,AES_EFF,1,A,9039.0,2005
ATO26,AES_EFF,1,A,5170.0,2008
ATO26,AES_EFF,1,A,6096.0,2012
ATO26,AES_EFF,2,A,54176.0,1999
ATO26,AES_EFF,2,A,64229.0,2005
ATO26,AES_EFF,2,A,66602.0,2008
ATO26,AES_EFF,2,A,71171.0,2012
ATO26,AES_EFF,3,A,196269.0,1999
ATO26,AES_EFF,3,A,201660.0,2005
ATO26,AES_EFF,3,A,204356.0,2008
ATO26,AES_EFF,3,A,173651.0,2012
ATO26,AES_EFF,9,A,258762.0,1999
ATO26,AES_EFF,9,A,274928.0,2005
ATO26,AES_EFF,9,A,276128.0,2008
ATO26,AES_EFF,9,A,250918.0,2012
ATO26,DEP_ESER,1,A,32.0,1999
ATO26,DEP_ESER,1,A,36.0,2005
ATO26,DEP_ESER,1,A,23.0,2008
ATO26,DEP_ESER,1,A,29.0,2012
ATO26,DEP_ESER,2,A,54.0,1999
ATO26,DEP_ESER,2,A,61.0,2005
ATO26,DEP_ESER,2,A,58.0,2008
ATO26,DEP_ESER,2,A,71.0,2012
ATO26,DEP_ESER,3,A,20.0,1999
ATO26,DEP_ESER,3,A,23.0,2005
ATO26,DEP_ESER,3,A,24.0,2008
ATO26,DEP_ESER,3,A,12.0,2012
ATO26,DEP_ESER,9,A,106.0,1999
ATO26,DEP_ESER,9,A,120.0,2005
ATO26,DEP_ESER,9,A,105.0,2008
ATO26,DEP_ESER,9,A,112.0,2012
ATO27,AES_EFF,1,A,1572.0,1999
ATO27,AES_EFF,1,A,1572.0,2005
ATO27,AES_EFF,1,A,4093.0,2008
ATO27,AES_EFF,1,A,2663.0,2012
ATO27,AES_EFF,2,A,957.0,1999
ATO27,AES_EFF,2,A,1484.0,2005
ATO27,AES_EFF,2,A,1134.0,2008
ATO27,AES_EFF,3,A,2144282.0,1999
ATO27,AES_EFF,3,A,2147282.0,2005
ATO27,AES_EFF,3,A,2155124.0,2008
ATO27,AES_EFF,3,A,1453767.0,2012
ATO27,AES_EFF,9,A,2146811.0,1999
ATO27,AES_EFF,9,A,2150338.0,2005
ATO27,AES_EFF,9,A,2160351.0,2008
ATO27,AES_EFF,9,A,1456430.0,2012
ATO27,DEP_ESER,1,A,22.0,1999
ATO27,DEP_ESER,1,A,22.0,2005
ATO27,DEP_ESER,1,A,37.0,2008
ATO27,DEP_ESER,1,A,38.0,2012
ATO27,DEP_ESER,2,A,5.0,1999
ATO27,DEP_ESER,2,A,6.0,2005
ATO27,DEP_ESER,2,A,5.0,2008
ATO27,DEP_ESER,3,A,5.0,1999
ATO27,DEP_ESER,3,A,5.0,2005
ATO27,DEP_ESER,3,A,5.0,2008
ATO27,DEP_ESER,3,A,10.0,2012
ATO27,DEP_ESER,9,A,32.0,1999
ATO27,DEP_ESER,9,A,33.0,2005
ATO27,DEP_ESER,9,A,47.0,2008
ATO27,DEP_ESER,9,A,48.0,2012
ATO28,AES_EFF,1,A,44862.0,1999
ATO28,AES_EFF,1,A,47092.0,2005
ATO28,AES_EFF,1,A,8665.0,2008
ATO28,AES_EFF,1,A,8210.0,2012
ATO28,AES_EFF,2,A,46481.0,1999
ATO28,AES_EFF,2,A,52816.0,2005
ATO28,AES_EFF,2,A,63960.0,2008
ATO28,AES_EFF,2,A,90530.0,2012
ATO28,AES_EFF,3,A,478586.0,1999
ATO28,AES_EFF,3,A,582129.0,2005
ATO28,AES_EFF,3,A,612581.0,2008
ATO28,AES_EFF,3,A,468662.0,2012
ATO28,AES_EFF,9,A,569929.0,1999
ATO28,AES_EFF,9,A,682037.0,2005
ATO28,AES_EFF,9,A,685205.0,2008
ATO28,AES_EFF,9,A,567402.0,2012
ATO28,DEP_ESER,1,A,22.0,1999
ATO28,DEP_ESER,1,A,34.0,2005
ATO28,DEP_ESER,1,A,41.0,2008
ATO28,DEP_ESER,1,A,63.0,2012
ATO28,DEP_ESER,2,A,41.0,1999
ATO28,DEP_ESER,2,A,48.0,2005
ATO28,DEP_ESER,2,A,48.0,2008
ATO28,DEP_ESER,2,A,68.0,2012
ATO28,DEP_ESER,3,A,39.0,1999
ATO28,DEP_ESER,3,A,48.0,2005
ATO28,DEP_ESER,3,A,55.0,2008
ATO28,DEP_ESER,3,A,59.0,2012
ATO28,DEP_ESER,9,A,102.0,1999
ATO28,DEP_ESER,9,A,130.0,2005
ATO28,DEP_ESER,9,A,144.0,2008
ATO28,DEP_ESER,9,A,190.0,2012
ATO29,AES_EFF,1,A,13992.0,1999
ATO29,AES_EFF,1,A,18597.0,2005
ATO29,AES_EFF,1,A,22632.0,2008
ATO29,AES_EFF,1,A,37923.0,2012
ATO29,AES_EFF,2,A,25702.0,1999
ATO29,AES_EFF,2,A,30564.0,2005
ATO29,AES_EFF,2,A,38285.0,2008
ATO29,AES_EFF,2,A,55367.0,2012
ATO29,AES_EFF,3,A,840434.0,1999
ATO29,AES_EFF,3,A,845884.0,2005
ATO29,AES_EFF,3,A,890943.0,2008
ATO29,AES_EFF,3,A,982836.0,2012
ATO29,AES_EFF,9,A,880128.0,1999
ATO29,AES_EFF,9,A,895045.0,2005
ATO29,AES_EFF,9,A,951860.0,2008
ATO29,AES_EFF,9,A,1076126.0,2012
ATO29,DEP_ESER,1,A,56.0,1999
ATO29,DEP_ESER,1,A,76.0,2005
ATO29,DEP_ESER,1,A,89.0,2008
ATO29,DEP_ESER,1,A,120.0,2012
ATO29,DEP_ESER,2,A,28.0,1999
ATO29,DEP_ESER,2,A,29.0,2005
ATO29,DEP_ESER,2,A,36.0,2008
ATO29,DEP_ESER,2,A,34.0,2012
ATO29,DEP_ESER,3,A,41.0,1999
ATO29,DEP_ESER,3,A,43.0,2005
ATO29,DEP_ESER,3,A,48.0,2008
ATO29,DEP_ESER,3,A,47.0,2012
ATO29,DEP_ESER,9,A,125.0,1999
ATO29,DEP_ESER,9,A,148.0,2005
ATO29,DEP_ESER,9,A,173.0,2008
ATO29,DEP_ESER,9,A,201.0,2012
ATO3,AES_EFF,1,A,44835.0,1999
ATO3,AES_EFF,1,A,59245.0,2005
ATO3,AES_EFF,1,A,50865.0,2008
ATO3,AES_EFF,1,A,59128.0,2012
ATO3,AES_EFF,2,A,378777.0,1999
ATO3,AES_EFF,2,A,442936.0,2005
ATO3,AES_EFF,2,A,549991.0,2008
ATO3,AES_EFF,2,A,699574.0,2012
ATO3,AES_EFF,3,A,3041783.0,1999
ATO3,AES_EFF,3,A,3046583.0,2005
ATO3,AES_EFF,3,A,3046446.0,2008
ATO3,AES_EFF,3,A,2616345.0,2012
ATO3,AES_EFF,9,A,3465395.0,1999
ATO3,AES_EFF,9,A,3548764.0,2005
ATO3,AES_EFF,9,A,3647302.0,2008
ATO3,AES_EFF,9,A,3375047.0,2012
ATO3,DEP_ESER,1,A,93.0,1999
ATO3,DEP_ESER,1,A,151.0,2005
ATO3,DEP_ESER,1,A,216.0,2008
ATO3,DEP_ESER,1,A,262.0,2012
ATO3,DEP_ESER,2,A,137.0,1999
ATO3,DEP_ESER,2,A,202.0,2005
ATO3,DEP_ESER,2,A,258.0,2008
ATO3,DEP_ESER,2,A,291.0,2012
ATO3,DEP_ESER,3,A,8.0,1999
ATO3,DEP_ESER,3,A,8.0,2005
ATO3,DEP_ESER,3,A,8.0,2008
ATO3,DEP_ESER,3,A,8.0,2012
ATO3,DEP_ESER,9,A,238.0,1999
ATO3,DEP_ESER,9,A,361.0,2005
ATO3,DEP_ESER,9,A,482.0,2008
ATO3,DEP_ESER,9,A,561.0,2012
ATO30,AES_EFF,1,A,41158.0,1999
ATO30,AES_EFF,1,A,51766.0,2005
ATO30,AES_EFF,1,A,64933.0,2008
ATO30,AES_EFF,1,A,105218.0,2012
ATO30,AES_EFF,2,A,194626.0,1999
ATO30,AES_EFF,2,A,208533.0,2005
ATO30,AES_EFF,2,A,229913.0,2008
ATO30,AES_EFF,2,A,432655.0,2012
ATO30,AES_EFF,3,A,844189.0,1999
ATO30,AES_EFF,3,A,866429.0,2005
ATO30,AES_EFF,3,A,866243.0,2008
ATO30,AES_EFF,3,A,630624.0,2012
ATO30,AES_EFF,9,A,1079973.0,1999
ATO30,AES_EFF,9,A,1126728.0,2005
ATO30,AES_EFF,9,A,1161089.0,2008
ATO30,AES_EFF,9,A,1168497.0,2012
ATO30,DEP_ESER,1,A,225.0,1999
ATO30,DEP_ESER,1,A,288.0,2005
ATO30,DEP_ESER,1,A,325.0,2008
ATO30,DEP_ESER,1,A,380.0,2012
ATO30,DEP_ESER,2,A,174.0,1999
ATO30,DEP_ESER,2,A,189.0,2005
ATO30,DEP_ESER,2,A,201.0,2008
ATO30,DEP_ESER,2,A,208.0,2012
ATO30,DEP_ESER,3,A,20.0,1999
ATO30,DEP_ESER,3,A,21.0,2005
ATO30,DEP_ESER,3,A,20.0,2008
ATO30,DEP_ESER,3,A,22.0,2012
ATO30,DEP_ESER,9,A,419.0,1999
ATO30,DEP_ESER,9,A,498.0,2005
ATO30,DEP_ESER,9,A,546.0,2008
ATO30,DEP_ESER,9,A,607.0,2012
ATO31,AES_EFF,1,A,5416.0,1999
ATO31,AES_EFF,1,A,7288.0,2005
ATO31,AES_EFF,1,A,9193.0,2008
ATO31,AES_EFF,1,A,10066.0,2012
ATO31,AES_EFF,2,A,31107.0,1999
ATO31,AES_EFF,2,A,39147.0,2005
ATO31,AES_EFF,2,A,62495.0,2008
ATO31,AES_EFF,2,A,43939.0,2012
ATO31,AES_EFF,3,A,64750.0,1999
ATO31,AES_EFF,3,A,75650.0,2005
ATO31,AES_EFF,3,A,78700.0,2008
ATO31,AES_EFF,3,A,98885.0,2012
ATO31,AES_EFF,9,A,101273.0,1999
ATO31,AES_EFF,9,A,122085.0,2005
ATO31,AES_EFF,9,A,150388.0,2008
ATO31,AES_EFF,9,A,152890.0,2012
ATO31,DEP_ESER,1,A,35.0,1999
ATO31,DEP_ESER,1,A,40.0,2005
ATO31,DEP_ESER,1,A,49.0,2008
ATO31,DEP_ESER,1,A,60.0,2012
ATO31,DEP_ESER,2,A,23.0,1999
ATO31,DEP_ESER,2,A,32.0,2005
ATO31,DEP_ESER,2,A,37.0,2008
ATO31,DEP_ESER,2,A,55.0,2012
ATO31,DEP_ESER,3,A,10.0,1999
ATO31,DEP_ESER,3,A,11.0,2005
ATO31,DEP_ESER,3,A,16.0,2008
ATO31,DEP_ESER,3,A,21.0,2012
ATO31,DEP_ESER,9,A,68.0,1999
ATO31,DEP_ESER,9,A,83.0,2005
ATO31,DEP_ESER,9,A,102.0,2008
ATO31,DEP_ESER,9,A,136.0,2012
ATO32,AES_EFF,1,A,40000.0,1999
ATO32,AES_EFF,1,A,40000.0,2005
ATO32,AES_EFF,1,A,41988.0,2008
ATO32,AES_EFF,1,A,2166.0,2012
ATO32,AES_EFF,2,A,5352.0,1999
ATO32,AES_EFF,2,A,6552.0,2005
ATO32,AES_EFF,2,A,21161.0,2008
ATO32,AES_EFF,2,A,105104.0,2012
ATO32,AES_EFF,3,A,93228.0,1999
ATO32,AES_EFF,3,A,103250.0,2005
ATO32,AES_EFF,3,A,103163.0,2008
ATO32,AES_EFF,9,A,138580.0,1999
ATO32,AES_EFF,9,A,149802.0,2005
ATO32,AES_EFF,9,A,166312.0,2008
ATO32,AES_EFF,9,A,107270.0,2012
ATO32,DEP_ESER,1,A,1.0,1999
ATO32,DEP_ESER,1,A,1.0,2005
ATO32,DEP_ESER,1,A,7.0,2008
ATO32,DEP_ESER,1,A,5.0,2012
ATO32,DEP_ESER,2,A,2.0,1999
ATO32,DEP_ESER,2,A,2.0,2005
ATO32,DEP_ESER,2,A,4.0,2008
ATO32,DEP_ESER,2,A,11.0,2012
ATO32,DEP_ESER,3,A,5.0,1999
ATO32,DEP_ESER,3,A,5.0,2005
ATO32,DEP_ESER,3,A,5.0,2008
ATO32,DEP_ESER,9,A,8.0,1999
ATO32,DEP_ESER,9,A,8.0,2005
ATO32,DEP_ESER,9,A,16.0,2008
ATO32,DEP_ESER,9,A,16.0,2012
ATO33,AES_EFF,1,A,20.0,1999
ATO33,AES_EFF,1,A,620.0,2005
ATO33,AES_EFF,1,A,620.0,2008
ATO33,AES_EFF,1,A,2580.0,2012
ATO33,AES_EFF,2,A,3525.0,1999
ATO33,AES_EFF,2,A,2825.0,2005
ATO33,AES_EFF,2,A,2825.0,2008
ATO33,AES_EFF,2,A,6430.0,2012
ATO33,AES_EFF,3,A,212100.0,1999
ATO33,AES_EFF,3,A,234100.0,2005
ATO33,AES_EFF,3,A,255100.0,2008
ATO33,AES_EFF,3,A,180000.0,2012
ATO33,AES_EFF,9,A,215645.0,1999
ATO33,AES_EFF,9,A,237545.0,2005
ATO33,AES_EFF,9,A,258545.0,2008
ATO33,AES_EFF,9,A,189010.0,2012
ATO33,DEP_ESER,1,A,1.0,1999
ATO33,DEP_ESER,1,A,3.0,2005
ATO33,DEP_ESER,1,A,3.0,2008
ATO33,DEP_ESER,1,A,4.0,2012
ATO33,DEP_ESER,2,A,3.0,1999
ATO33,DEP_ESER,2,A,3.0,2005
ATO33,DEP_ESER,2,A,3.0,2008
ATO33,DEP_ESER,2,A,5.0,2012
ATO33,DEP_ESER,3,A,4.0,1999
ATO33,DEP_ESER,3,A,5.0,2005
ATO33,DEP_ESER,3,A,5.0,2008
ATO33,DEP_ESER,3,A,3.0,2012
ATO33,DEP_ESER,9,A,8.0,1999
ATO33,DEP_ESER,9,A,11.0,2005
ATO33,DEP_ESER,9,A,11.0,2008
ATO33,DEP_ESER,9,A,12.0,2012
ATO34,AES_EFF,1,A,71025.0,1999
ATO34,AES_EFF,1,A,102369.0,2005
ATO34,AES_EFF,1,A,139183.0,2008
ATO34,AES_EFF,1,A,249247.0,2012
ATO34,AES_EFF,2,A,727147.0,1999
ATO34,AES_EFF,2,A,934672.0,2005
ATO34,AES_EFF,2,A,957970.0,2008
ATO34,AES_EFF,2,A,1113277.0,2012
ATO34,AES_EFF,3,A,54400.0,1999
ATO34,AES_EFF,3,A,54400.0,2005
ATO34,AES_EFF,3,A,55604.0,2008
ATO34,AES_EFF,3,A,33860.0,2012
ATO34,AES_EFF,9,A,852572.0,1999
ATO34,AES_EFF,9,A,1091441.0,2005
ATO34,AES_EFF,9,A,1152757.0,2008
ATO34,AES_EFF,9,A,1396384.0,2012
ATO34,DEP_ESER,1,A,103.0,1999
ATO34,DEP_ESER,1,A,110.0,2005
ATO34,DEP_ESER,1,A,218.0,2008
ATO34,DEP_ESER,1,A,267.0,2012
ATO34,DEP_ESER,2,A,28.0,1999
ATO34,DEP_ESER,2,A,32.0,2005
ATO34,DEP_ESER,2,A,48.0,2008
ATO34,DEP_ESER,2,A,48.0,2012
ATO34,DEP_ESER,3,A,3.0,1999
ATO34,DEP_ESER,3,A,3.0,2005
ATO34,DEP_ESER,3,A,4.0,2008
ATO34,DEP_ESER,3,A,3.0,2012
ATO34,DEP_ESER,9,A,134.0,1999
ATO34,DEP_ESER,9,A,145.0,2005
ATO34,DEP_ESER,9,A,270.0,2008
ATO34,DEP_ESER,9,A,318.0,2012
ATO35,AES_EFF,1,A,39663.0,1999
ATO35,AES_EFF,1,A,40043.0,2005
ATO35,AES_EFF,1,A,43508.0,2008
ATO35,AES_EFF,1,A,48616.0,2012
ATO35,AES_EFF,2,A,27602.0,1999
ATO35,AES_EFF,2,A,92543.0,2005
ATO35,AES_EFF,2,A,92882.0,2008
ATO35,AES_EFF,2,A,62500.0,2012
ATO35,AES_EFF,3,A,128328.0,1999
ATO35,AES_EFF,3,A,128348.0,2005
ATO35,AES_EFF,3,A,140740.0,2008
ATO35,AES_EFF,3,A,139600.0,2012
ATO35,AES_EFF,9,A,195593.0,1999
ATO35,AES_EFF,9,A,260934.0,2005
ATO35,AES_EFF,9,A,277129.0,2008
ATO35,AES_EFF,9,A,250716.0,2012
ATO35,DEP_ESER,1,A,79.0,1999
ATO35,DEP_ESER,1,A,83.0,2005
ATO35,DEP_ESER,1,A,89.0,2008
ATO35,DEP_ESER,1,A,117.0,2012
ATO35,DEP_ESER,2,A,21.0,1999
ATO35,DEP_ESER,2,A,22.0,2005
ATO35,DEP_ESER,2,A,22.0,2008
ATO35,DEP_ESER,2,A,5.0,2012
ATO35,DEP_ESER,3,A,7.0,1999
ATO35,DEP_ESER,3,A,7.0,2005
ATO35,DEP_ESER,3,A,8.0,2008
ATO35,DEP_ESER,3,A,7.0,2012
ATO35,DEP_ESER,9,A,107.0,1999
ATO35,DEP_ESER,9,A,112.0,2005
ATO35,DEP_ESER,9,A,119.0,2008
ATO35,DEP_ESER,9,A,129.0,2012
ATO36,AES_EFF,1,A,47553.0,1999
ATO36,AES_EFF,1,A,53638.0,2005
ATO36,AES_EFF,1,A,59152.0,2008
ATO36,AES_EFF,1,A,68962.0,2012
ATO36,AES_EFF,2,A,15705.0,1999
ATO36,AES_EFF,2,A,16505.0,2005
ATO36,AES_EFF,2,A,19022.0,2008
ATO36,AES_EFF,2,A,55554.0,2012
ATO36,AES_EFF,3,A,142651.0,1999
ATO36,AES_EFF,3,A,147094.0,2005
ATO36,AES_EFF,3,A,147420.0,2008
ATO36,AES_EFF,3,A,118438.0,2012
ATO36,AES_EFF,9,A,205910.0,1999
ATO36,AES_EFF,9,A,217237.0,2005
ATO36,AES_EFF,9,A,225594.0,2008
ATO36,AES_EFF,9,A,242954.0,2012
ATO36,DEP_ESER,1,A,139.0,1999
ATO36,DEP_ESER,1,A,148.0,2005
ATO36,DEP_ESER,1,A,186.0,2008
ATO36,DEP_ESER,1,A,208.0,2012
ATO36,DEP_ESER,2,A,31.0,1999
ATO36,DEP_ESER,2,A,33.0,2005
ATO36,DEP_ESER,2,A,35.0,2008
ATO36,DEP_ESER,2,A,35.0,2012
ATO36,DEP_ESER,3,A,8.0,1999
ATO36,DEP_ESER,3,A,8.0,2005
ATO36,DEP_ESER,3,A,8.0,2008
ATO36,DEP_ESER,3,A,3.0,2012
ATO36,DEP_ESER,9,A,178.0,1999
ATO36,DEP_ESER,9,A,189.0,2005
ATO36,DEP_ESER,9,A,229.0,2008
ATO36,DEP_ESER,9,A,246.0,2012
ATO37,AES_EFF,1,A,105080.0,1999
ATO37,AES_EFF,1,A,107904.0,2005
ATO37,AES_EFF,1,A,122582.0,2008
ATO37,AES_EFF,1,A,103099.0,2012
ATO37,AES_EFF,2,A,113135.0,1999
ATO37,AES_EFF,2,A,112335.0,2005
ATO37,AES_EFF,2,A,112344.0,2008
ATO37,AES_EFF,2,A,492226.0,2012
ATO37,AES_EFF,3,A,351570.0,1999
ATO37,AES_EFF,3,A,351570.0,2005
ATO37,AES_EFF,3,A,354575.0,2008
ATO37,AES_EFF,3,A,100080.0,2012
ATO37,AES_EFF,9,A,569785.0,1999
ATO37,AES_EFF,9,A,571809.0,2005
ATO37,AES_EFF,9,A,589501.0,2008
ATO37,AES_EFF,9,A,695405.0,2012
ATO37,DEP_ESER,1,A,98.0,1999
ATO37,DEP_ESER,1,A,103.0,2005
ATO37,DEP_ESER,1,A,109.0,2008
ATO37,DEP_ESER,1,A,123.0,2012
ATO37,DEP_ESER,2,A,14.0,1999
ATO37,DEP_ESER,2,A,14.0,2005
ATO37,DEP_ESER,2,A,14.0,2008
ATO37,DEP_ESER,2,A,22.0,2012
ATO37,DEP_ESER,3,A,8.0,1999
ATO37,DEP_ESER,3,A,8.0,2005
ATO37,DEP_ESER,3,A,10.0,2008
ATO37,DEP_ESER,3,A,3.0,2012
ATO37,DEP_ESER,9,A,120.0,1999
ATO37,DEP_ESER,9,A,125.0,2005
ATO37,DEP_ESER,9,A,133.0,2008
ATO37,DEP_ESER,9,A,148.0,2012
ATO4,AES_EFF,1,A,51768.0,1999
ATO4,AES_EFF,1,A,52723.0,2005
ATO4,AES_EFF,1,A,78948.0,2008
ATO4,AES_EFF,1,A,100484.0,2012
ATO4,AES_EFF,2,A,221902.0,1999
ATO4,AES_EFF,2,A,231056.0,2005
ATO4,AES_EFF,2,A,314857.0,2008
ATO4,AES_EFF,2,A,468261.0,2012
ATO4,AES_EFF,3,A,337993.0,1999
ATO4,AES_EFF,3,A,337993.0,2005
ATO4,AES_EFF,3,A,486183.0,2008
ATO4,AES_EFF,3,A,278357.0,2012
ATO4,AES_EFF,9,A,611663.0,1999
ATO4,AES_EFF,9,A,621772.0,2005
ATO4,AES_EFF,9,A,879988.0,2008
ATO4,AES_EFF,9,A,847102.0,2012
ATO4,DEP_ESER,1,A,447.0,1999
ATO4,DEP_ESER,1,A,464.0,2005
ATO4,DEP_ESER,1,A,584.0,2008
ATO4,DEP_ESER,1,A,756.0,2012
ATO4,DEP_ESER,2,A,144.0,1999
ATO4,DEP_ESER,2,A,151.0,2005
ATO4,DEP_ESER,2,A,187.0,2008
ATO4,DEP_ESER,2,A,195.0,2012
ATO4,DEP_ESER,3,A,4.0,1999
ATO4,DEP_ESER,3,A,4.0,2005
ATO4,DEP_ESER,3,A,11.0,2008
ATO4,DEP_ESER,3,A,15.0,2012
ATO4,DEP_ESER,9,A,595.0,1999
ATO4,DEP_ESER,9,A,619.0,2005
ATO4,DEP_ESER,9,A,782.0,2008
ATO4,DEP_ESER,9,A,966.0,2012
ATO5,AES_EFF,1,A,28555.0,1999
ATO5,AES_EFF,1,A,33326.0,2005
ATO5,AES_EFF,1,A,33845.0,2008
ATO5,AES_EFF,1,A,33523.0,2012
ATO5,AES_EFF,2,A,169316.0,1999
ATO5,AES_EFF,2,A,185241.0,2005
ATO5,AES_EFF,2,A,196338.0,2008
ATO5,AES_EFF,2,A,122459.0,2012
ATO5,AES_EFF,3,A,15775.0,1999
ATO5,AES_EFF,3,A,15775.0,2005
ATO5,AES_EFF,3,A,15775.0,2008
ATO5,AES_EFF,3,A,98879.0,2012
ATO5,AES_EFF,9,A,213646.0,1999
ATO5,AES_EFF,9,A,234342.0,2005
ATO5,AES_EFF,9,A,245959.0,2008
ATO5,AES_EFF,9,A,254861.0,2012
ATO5,DEP_ESER,1,A,276.0,1999
ATO5,DEP_ESER,1,A,361.0,2005
ATO5,DEP_ESER,1,A,437.0,2008
ATO5,DEP_ESER,1,A,453.0,2012
ATO5,DEP_ESER,2,A,261.0,1999
ATO5,DEP_ESER,2,A,359.0,2005
ATO5,DEP_ESER,2,A,397.0,2008
ATO5,DEP_ESER,2,A,477.0,2012
ATO5,DEP_ESER,3,A,2.0,1999
ATO5,DEP_ESER,3,A,2.0,2005
ATO5,DEP_ESER,3,A,2.0,2008
ATO5,DEP_ESER,3,A,5.0,2012
ATO5,DEP_ESER,9,A,539.0,1999
ATO5,DEP_ESER,9,A,722.0,2005
ATO5,DEP_ESER,9,A,836.0,2008
ATO5,DEP_ESER,9,A,935.0,2012
ATO53,AES_EFF,1,A,1249.0,2005
ATO53,AES_EFF,1,A,1249.0,2008
ATO53,AES_EFF,1,A,1674.0,2012
ATO53,AES_EFF,2,A,7604.0,1999
ATO53,AES_EFF,2,A,8852.0,2005
ATO53,AES_EFF,2,A,26129.0,2008
ATO53,AES_EFF,2,A,27647.0,2012
ATO53,AES_EFF,3,A,55000.0,1999
ATO53,AES_EFF,3,A,110353.0,2005
ATO53,AES_EFF,3,A,110353.0,2008
ATO53,AES_EFF,3,A,129660.0,2012
ATO53,AES_EFF,9,A,62604.0,1999
ATO53,AES_EFF,9,A,120454.0,2005
ATO53,AES_EFF,9,A,137731.0,2008
ATO53,AES_EFF,9,A,158981.0,2012
ATO53,DEP_ESER,1,A,13.0,2005
ATO53,DEP_ESER,1,A,13.0,2008
ATO53,DEP_ESER,1,A,19.0,2012
ATO53,DEP_ESER,2,A,7.0,1999
ATO53,DEP_ESER,2,A,12.0,2005
ATO53,DEP_ESER,2,A,13.0,2008
ATO53,DEP_ESER,2,A,14.0,2012
ATO53,DEP_ESER,3,A,2.0,1999
ATO53,DEP_ESER,3,A,6.0,2005
ATO53,DEP_ESER,3,A,6.0,2008
ATO53,DEP_ESER,3,A,6.0,2012
ATO53,DEP_ESER,9,A,9.0,1999
ATO53,DEP_ESER,9,A,31.0,2005
ATO53,DEP_ESER,9,A,32.0,2008
ATO53,DEP_ESER,9,A,39.0,2012
ATO54,AES_EFF,1,A,7847.0,1999
ATO54,AES_EFF,1,A,12822.0,2005
ATO54,AES_EFF,1,A,12912.0,2008
ATO54,AES_EFF,1,A,19702.0,2012
ATO54,AES_EFF,2,A,35086.0,1999
ATO54,AES_EFF,2,A,44451.0,2005
ATO54,AES_EFF,2,A,44547.0,2008
ATO54,AES_EFF,2,A,75979.0,2012
ATO54,AES_EFF,3,A,178556.0,1999
ATO54,AES_EFF,3,A,195167.0,2005
ATO54,AES_EFF,3,A,200526.0,2008
ATO54,AES_EFF,3,A,213675.0,2012
ATO54,AES_EFF,9,A,221489.0,1999
ATO54,AES_EFF,9,A,252440.0,2005
ATO54,AES_EFF,9,A,257985.0,2008
ATO54,AES_EFF,9,A,309356.0,2012
ATO54,DEP_ESER,1,A,86.0,1999
ATO54,DEP_ESER,1,A,160.0,2005
ATO54,DEP_ESER,1,A,160.0,2008
ATO54,DEP_ESER,1,A,189.0,2012
ATO54,DEP_ESER,2,A,76.0,1999
ATO54,DEP_ESER,2,A,99.0,2005
ATO54,DEP_ESER,2,A,99.0,2008
ATO54,DEP_ESER,2,A,110.0,2012
ATO54,DEP_ESER,3,A,9.0,1999
ATO54,DEP_ESER,3,A,16.0,2005
ATO54,DEP_ESER,3,A,16.0,2008
ATO54,DEP_ESER,3,A,12.0,2012
ATO54,DEP_ESER,9,A,171.0,1999
ATO54,DEP_ESER,9,A,275.0,2005
ATO54,DEP_ESER,9,A,275.0,2008
ATO54,DEP_ESER,9,A,311.0,2012
ATO55,AES_EFF,1,A,8577.0,1999
ATO55,AES_EFF,1,A,26373.0,2005
ATO55,AES_EFF,1,A,26508.0,2008
ATO55,AES_EFF,1,A,37616.0,2012
ATO55,AES_EFF,2,A,10947.0,1999
ATO55,AES_EFF,2,A,20961.0,2005
ATO55,AES_EFF,2,A,20896.0,2008
ATO55,AES_EFF,2,A,47781.0,2012
ATO55,AES_EFF,3,A,112398.0,1999
ATO55,AES_EFF,3,A,179525.0,2005
ATO55,AES_EFF,3,A,179525.0,2008
ATO55,AES_EFF,3,A,125048.0,2012
ATO55,AES_EFF,9,A,131922.0,1999
ATO55,AES_EFF,9,A,226859.0,2005
ATO55,AES_EFF,9,A,226929.0,2008
ATO55,AES_EFF,9,A,210445.0,2012
ATO55,DEP_ESER,1,A,52.0,1999
ATO55,DEP_ESER,1,A,184.0,2005
ATO55,DEP_ESER,1,A,184.0,2008
ATO55,DEP_ESER,1,A,324.0,2012
ATO55,DEP_ESER,2,A,29.0,1999
ATO55,DEP_ESER,2,A,72.0,2005
ATO55,DEP_ESER,2,A,71.0,2008
ATO55,DEP_ESER,2,A,85.0,2012
ATO55,DEP_ESER,3,A,4.0,1999
ATO55,DEP_ESER,3,A,13.0,2005
ATO55,DEP_ESER,3,A,13.0,2008
ATO55,DEP_ESER,3,A,7.0,2012
ATO55,DEP_ESER,9,A,85.0,1999
ATO55,DEP_ESER,9,A,269.0,2005
ATO55,DEP_ESER,9,A,268.0,2008
ATO55,DEP_ESER,9,A,416.0,2012
ATO56,AES_EFF,1,A,5570.0,1999
ATO56,AES_EFF,1,A,5830.0,2005
ATO56,AES_EFF,1,A,8830.0,2008
ATO56,AES_EFF,1,A,8296.0,2012
ATO56,AES_EFF,2,A,173890.0,1999
ATO56,AES_EFF,2,A,187849.0,2005
ATO56,AES_EFF,2,A,190424.0,2008
ATO56,AES_EFF,2,A,103308.0,2012
ATO56,AES_EFF,3,A,80673.0,1999
ATO56,AES_EFF,3,A,90521.0,2005
ATO56,AES_EFF,3,A,90753.0,2008
ATO56,AES_EFF,3,A,185339.0,2012
ATO56,AES_EFF,9,A,260133.0,1999
ATO56,AES_EFF,9,A,284200.0,2005
ATO56,AES_EFF,9,A,290007.0,2008
ATO56,AES_EFF,9,A,296943.0,2012
ATO56,DEP_ESER,1,A,20.0,1999
ATO56,DEP_ESER,1,A,23.0,2005
ATO56,DEP_ESER,1,A,21.0,2008
ATO56,DEP_ESER,1,A,129.0,2012
ATO56,DEP_ESER,2,A,76.0,1999
ATO56,DEP_ESER,2,A,80.0,2005
ATO56,DEP_ESER,2,A,81.0,2008
ATO56,DEP_ESER,2,A,95.0,2012
ATO56,DEP_ESER,3,A,8.0,1999
ATO56,DEP_ESER,3,A,11.0,2005
ATO56,DEP_ESER,3,A,13.0,2008
ATO56,DEP_ESER,3,A,14.0,2012
ATO56,DEP_ESER,9,A,104.0,1999
ATO56,DEP_ESER,9,A,114.0,2005
ATO56,DEP_ESER,9,A,115.0,2008
ATO56,DEP_ESER,9,A,238.0,2012
ATO57,AES_EFF,1,A,15360.0,1999
ATO57,AES_EFF,1,A,15660.0,2005
ATO57,AES_EFF,1,A,16660.0,2008
ATO57,AES_EFF,1,A,90.0,2012
ATO57,AES_EFF,2,A,46580.0,1999
ATO57,AES_EFF,2,A,57244.0,2005
ATO57,AES_EFF,2,A,59398.0,2008
ATO57,AES_EFF,2,A,99145.0,2012
ATO57,AES_EFF,3,A,248518.0,1999
ATO57,AES_EFF,3,A,263366.0,2005
ATO57,AES_EFF,3,A,263366.0,2008
ATO57,AES_EFF,3,A,192588.0,2012
ATO57,AES_EFF,9,A,310458.0,1999
ATO57,AES_EFF,9,A,336270.0,2005
ATO57,AES_EFF,9,A,339424.0,2008
ATO57,AES_EFF,9,A,291823.0,2012
ATO57,DEP_ESER,1,A,13.0,1999
ATO57,DEP_ESER,1,A,14.0,2005
ATO57,DEP_ESER,1,A,15.0,2008
ATO57,DEP_ESER,1,A,13.0,2012
ATO57,DEP_ESER,2,A,27.0,1999
ATO57,DEP_ESER,2,A,34.0,2005
ATO57,DEP_ESER,2,A,33.0,2008
ATO57,DEP_ESER,2,A,44.0,2012
ATO57,DEP_ESER,3,A,6.0,1999
ATO57,DEP_ESER,3,A,7.0,2005
ATO57,DEP_ESER,3,A,7.0,2008
ATO57,DEP_ESER,3,A,4.0,2012
ATO57,DEP_ESER,9,A,46.0,1999
ATO57,DEP_ESER,9,A,55.0,2005
ATO57,DEP_ESER,9,A,55.0,2008
ATO57,DEP_ESER,9,A,61.0,2012
ATO58,AES_EFF,1,A,3797.0,1999
ATO58,AES_EFF,1,A,4188.0,2005
ATO58,AES_EFF,1,A,13910.0,2008
ATO58,AES_EFF,1,A,17061.0,2012
ATO58,AES_EFF,2,A,30261.0,1999
ATO58,AES_EFF,2,A,64073.0,2005
ATO58,AES_EFF,2,A,101208.0,2008
ATO58,AES_EFF,2,A,61111.0,2012
ATO58,AES_EFF,3,A,158294.0,1999
ATO58,AES_EFF,3,A,201303.0,2005
ATO58,AES_EFF,3,A,218869.0,2008
ATO58,AES_EFF,3,A,228033.0,2012
ATO58,AES_EFF,9,A,192352.0,1999
ATO58,AES_EFF,9,A,269564.0,2005
ATO58,AES_EFF,9,A,333987.0,2008
ATO58,AES_EFF,9,A,306205.0,2012
ATO58,DEP_ESER,1,A,25.0,1999
ATO58,DEP_ESER,1,A,25.0,2005
ATO58,DEP_ESER,1,A,80.0,2008
ATO58,DEP_ESER,1,A,96.0,2012
ATO58,DEP_ESER,2,A,11.0,1999
ATO58,DEP_ESER,2,A,12.0,2005
ATO58,DEP_ESER,2,A,44.0,2008
ATO58,DEP_ESER,2,A,40.0,2012
ATO58,DEP_ESER,3,A,8.0,1999
ATO58,DEP_ESER,3,A,10.0,2005
ATO58,DEP_ESER,3,A,15.0,2008
ATO58,DEP_ESER,3,A,21.0,2012
ATO58,DEP_ESER,9,A,44.0,1999
ATO58,DEP_ESER,9,A,47.0,2005
ATO58,DEP_ESER,9,A,139.0,2008
ATO58,DEP_ESER,9,A,157.0,2012
ATO59,AES_EFF,1,A,2060.0,1999
ATO59,AES_EFF,1,A,5451.0,2005
ATO59,AES_EFF,1,A,6768.0,2008
ATO59,AES_EFF,1,A,5845.0,2012
ATO59,AES_EFF,2,A,9055.0,1999
ATO59,AES_EFF,2,A,22273.0,2005
ATO59,AES_EFF,2,A,32412.0,2008
ATO59,AES_EFF,2,A,88946.0,2012
ATO59,AES_EFF,3,A,46885.0,1999
ATO59,AES_EFF,3,A,51885.0,2005
ATO59,AES_EFF,3,A,52085.0,2008
ATO59,AES_EFF,9,A,58000.0,1999
ATO59,AES_EFF,9,A,79609.0,2005
ATO59,AES_EFF,9,A,91265.0,2008
ATO59,AES_EFF,9,A,94791.0,2012
ATO59,DEP_ESER,1,A,5.0,1999
ATO59,DEP_ESER,1,A,22.0,2005
ATO59,DEP_ESER,1,A,22.0,2008
ATO59,DEP_ESER,1,A,17.0,2012
ATO59,DEP_ESER,2,A,11.0,1999
ATO59,DEP_ESER,2,A,25.0,2005
ATO59,DEP_ESER,2,A,28.0,2008
ATO59,DEP_ESER,2,A,39.0,2012
ATO59,DEP_ESER,3,A,1.0,1999
ATO59,DEP_ESER,3,A,2.0,2005
ATO59,DEP_ESER,3,A,2.0,2008
ATO59,DEP_ESER,9,A,17.0,1999
ATO59,DEP_ESER,9,A,49.0,2005
ATO59,DEP_ESER,9,A,52.0,2008
ATO59,DEP_ESER,9,A,56.0,2012
ATO6,AES_EFF,1,A,36141.0,1999
ATO6,AES_EFF,1,A,41670.0,2005
ATO6,AES_EFF,1,A,58606.0,2008
ATO6,AES_EFF,1,A,74239.0,2012
ATO6,AES_EFF,2,A,152183.0,1999
ATO6,AES_EFF,2,A,164796.0,2005
ATO6,AES_EFF,2,A,166962.0,2008
ATO6,AES_EFF,2,A,197359.0,2012
ATO6,AES_EFF,3,A,267050.0,1999
ATO6,AES_EFF,3,A,267207.0,2005
ATO6,AES_EFF,3,A,267628.0,2008
ATO6,AES_EFF,3,A,215869.0,2012
ATO6,AES_EFF,9,A,455374.0,1999
ATO6,AES_EFF,9,A,473673.0,2005
ATO6,AES_EFF,9,A,493196.0,2008
ATO6,AES_EFF,9,A,487467.0,2012
ATO6,DEP_ESER,1,A,387.0,1999
ATO6,DEP_ESER,1,A,470.0,2005
ATO6,DEP_ESER,1,A,524.0,2008
ATO6,DEP_ESER,1,A,703.0,2012
ATO6,DEP_ESER,2,A,38.0,1999
ATO6,DEP_ESER,2,A,47.0,2005
ATO6,DEP_ESER,2,A,50.0,2008
ATO6,DEP_ESER,2,A,88.0,2012
ATO6,DEP_ESER,3,A,13.0,1999
ATO6,DEP_ESER,3,A,14.0,2005
ATO6,DEP_ESER,3,A,16.0,2008
ATO6,DEP_ESER,3,A,11.0,2012
ATO6,DEP_ESER,9,A,438.0,1999
ATO6,DEP_ESER,9,A,531.0,2005
ATO6,DEP_ESER,9,A,590.0,2008
ATO6,DEP_ESER,9,A,802.0,2012
ATO60,AES_EFF,1,A,8008.0,1999
ATO60,AES_EFF,1,A,14252.0,2005
ATO60,AES_EFF,1,A,33013.0,2008
ATO60,AES_EFF,1,A,13335.0,2012
ATO60,AES_EFF,2,A,150049.0,1999
ATO60,AES_EFF,2,A,177285.0,2005
ATO60,AES_EFF,2,A,201476.0,2008
ATO60,AES_EFF,2,A,110012.0,2012
ATO60,AES_EFF,3,A,212219.0,1999
ATO60,AES_EFF,3,A,212219.0,2005
ATO60,AES_EFF,3,A,212484.0,2008
ATO60,AES_EFF,3,A,292058.0,2012
ATO60,AES_EFF,9,A,370276.0,1999
ATO60,AES_EFF,9,A,403756.0,2005
ATO60,AES_EFF,9,A,446973.0,2008
ATO60,AES_EFF,9,A,415405.0,2012
ATO60,DEP_ESER,1,A,84.0,1999
ATO60,DEP_ESER,1,A,87.0,2005
ATO60,DEP_ESER,1,A,253.0,2008
ATO60,DEP_ESER,1,A,255.0,2012
ATO60,DEP_ESER,2,A,46.0,1999
ATO60,DEP_ESER,2,A,49.0,2005
ATO60,DEP_ESER,2,A,123.0,2008
ATO60,DEP_ESER,2,A,135.0,2012
ATO60,DEP_ESER,3,A,5.0,1999
ATO60,DEP_ESER,3,A,5.0,2005
ATO60,DEP_ESER,3,A,5.0,2008
ATO60,DEP_ESER,3,A,28.0,2012
ATO60,DEP_ESER,9,A,135.0,1999
ATO60,DEP_ESER,9,A,141.0,2005
ATO60,DEP_ESER,9,A,381.0,2008
ATO60,DEP_ESER,9,A,418.0,2012
ATO61,AES_EFF,1,A,1840.0,1999
ATO61,AES_EFF,1,A,6160.0,2005
ATO61,AES_EFF,1,A,24660.0,2008
ATO61,AES_EFF,1,A,66009.0,2012
ATO61,AES_EFF,2,A,187745.0,1999
ATO61,AES_EFF,2,A,194875.0,2005
ATO61,AES_EFF,2,A,207440.0,2008
ATO61,AES_EFF,2,A,193914.0,2012
ATO61,AES_EFF,3,A,111659.0,1999
ATO61,AES_EFF,3,A,114659.0,2005
ATO61,AES_EFF,3,A,114864.0,2008
ATO61,AES_EFF,3,A,64172.0,2012
ATO61,AES_EFF,9,A,301244.0,1999
ATO61,AES_EFF,9,A,315694.0,2005
ATO61,AES_EFF,9,A,346964.0,2008
ATO61,AES_EFF,9,A,324095.0,2012
ATO61,DEP_ESER,1,A,3.0,1999
ATO61,DEP_ESER,1,A,7.0,2005
ATO61,DEP_ESER,1,A,18.0,2008
ATO61,DEP_ESER,1,A,29.0,2012
ATO61,DEP_ESER,2,A,50.0,1999
ATO61,DEP_ESER,2,A,53.0,2005
ATO61,DEP_ESER,2,A,67.0,2008
ATO61,DEP_ESER,2,A,65.0,2012
ATO61,DEP_ESER,3,A,5.0,1999
ATO61,DEP_ESER,3,A,7.0,2005
ATO61,DEP_ESER,3,A,7.0,2008
ATO61,DEP_ESER,3,A,7.0,2012
ATO61,DEP_ESER,9,A,58.0,1999
ATO61,DEP_ESER,9,A,67.0,2005
ATO61,DEP_ESER,9,A,92.0,2008
ATO61,DEP_ESER,9,A,101.0,2012
ATO62,AES_EFF,1,A,9009.0,1999
ATO62,AES_EFF,1,A,9125.0,2005
ATO62,AES_EFF,1,A,36344.0,2008
ATO62,AES_EFF,1,A,23248.0,2012
ATO62,AES_EFF,2,A,2215847.0,1999
ATO62,AES_EFF,2,A,2365270.0,2005
ATO62,AES_EFF,2,A,2405127.0,2008
ATO62,AES_EFF,2,A,4194612.0,2012
ATO62,AES_EFF,3,A,1301392.0,1999
ATO62,AES_EFF,3,A,1475699.0,2005
ATO62,AES_EFF,3,A,1632159.0,2008
ATO62,AES_EFF,3,A,212237.0,2012
ATO62,AES_EFF,9,A,3526247.0,1999
ATO62,AES_EFF,9,A,3850094.0,2005
ATO62,AES_EFF,9,A,4073630.0,2008
ATO62,AES_EFF,9,A,4430097.0,2012
ATO62,DEP_ESER,1,A,10.0,1999
ATO62,DEP_ESER,1,A,11.0,2005
ATO62,DEP_ESER,1,A,14.0,2008
ATO62,DEP_ESER,1,A,59.0,2012
ATO62,DEP_ESER,2,A,124.0,1999
ATO62,DEP_ESER,2,A,146.0,2005
ATO62,DEP_ESER,2,A,151.0,2008
ATO62,DEP_ESER,2,A,212.0,2012
ATO62,DEP_ESER,3,A,40.0,1999
ATO62,DEP_ESER,3,A,43.0,2005
ATO62,DEP_ESER,3,A,43.0,2008
ATO62,DEP_ESER,3,A,18.0,2012
ATO62,DEP_ESER,9,A,174.0,1999
ATO62,DEP_ESER,9,A,200.0,2005
ATO62,DEP_ESER,9,A,208.0,2008
ATO62,DEP_ESER,9,A,289.0,2012
ATO63,AES_EFF,1,A,23509.0,1999
ATO63,AES_EFF,1,A,26099.0,2005
ATO63,AES_EFF,1,A,28231.0,2008
ATO63,AES_EFF,1,A,42675.0,2012
ATO63,AES_EFF,2,A,67151.0,1999
ATO63,AES_EFF,2,A,77342.0,2005
ATO63,AES_EFF,2,A,86102.0,2008
ATO63,AES_EFF,2,A,82295.0,2012
ATO63,AES_EFF,3,A,86940.0,1999
ATO63,AES_EFF,3,A,89394.0,2005
ATO63,AES_EFF,3,A,89948.0,2008
ATO63,AES_EFF,3,A,130048.0,2012
ATO63,AES_EFF,9,A,177600.0,1999
ATO63,AES_EFF,9,A,192835.0,2005
ATO63,AES_EFF,9,A,204281.0,2008
ATO63,AES_EFF,9,A,255018.0,2012
ATO63,DEP_ESER,1,A,56.0,1999
ATO63,DEP_ESER,1,A,60.0,2005
ATO63,DEP_ESER,1,A,63.0,2008
ATO63,DEP_ESER,1,A,71.0,2012
ATO63,DEP_ESER,2,A,48.0,1999
ATO63,DEP_ESER,2,A,50.0,2005
ATO63,DEP_ESER,2,A,52.0,2008
ATO63,DEP_ESER,2,A,54.0,2012
ATO63,DEP_ESER,3,A,17.0,1999
ATO63,DEP_ESER,3,A,17.0,2005
ATO63,DEP_ESER,3,A,20.0,2008
ATO63,DEP_ESER,3,A,25.0,2012
ATO63,DEP_ESER,9,A,121.0,1999
ATO63,DEP_ESER,9,A,127.0,2005
ATO63,DEP_ESER,9,A,135.0,2008
ATO63,DEP_ESER,9,A,149.0,2012
ATO64,AES_EFF,1,A,1600.0,1999
ATO64,AES_EFF,1,A,1600.0,2005
ATO64,AES_EFF,1,A,9762.0,2012
ATO64,AES_EFF,2,A,370859.0,1999
ATO64,AES_EFF,2,A,388036.0,2005
ATO64,AES_EFF,2,A,395936.0,2008
ATO64,AES_EFF,2,A,759656.0,2012
ATO64,AES_EFF,3,A,330700.0,1999
ATO64,AES_EFF,3,A,375356.0,2005
ATO64,AES_EFF,3,A,388354.0,2008
ATO64,AES_EFF,9,A,703159.0,1999
ATO64,AES_EFF,9,A,764992.0,2005
ATO64,AES_EFF,9,A,784290.0,2008
ATO64,AES_EFF,9,A,769418.0,2012
ATO64,DEP_ESER,1,A,1.0,1999
ATO64,DEP_ESER,1,A,1.0,2005
ATO64,DEP_ESER,1,A,3.0,2012
ATO64,DEP_ESER,2,A,50.0,1999
ATO64,DEP_ESER,2,A,53.0,2005
ATO64,DEP_ESER,2,A,54.0,2008
ATO64,DEP_ESER,2,A,69.0,2012
ATO64,DEP_ESER,3,A,11.0,1999
ATO64,DEP_ESER,3,A,12.0,2005
ATO64,DEP_ESER,3,A,12.0,2008
ATO64,DEP_ESER,9,A,62.0,1999
ATO64,DEP_ESER,9,A,66.0,2005
ATO64,DEP_ESER,9,A,66.0,2008
ATO64,DEP_ESER,9,A,70.0,2012
ATO65,AES_EFF,1,A,200.0,1999
ATO65,AES_EFF,1,A,1871.0,2005
ATO65,AES_EFF,1,A,8489.0,2008
ATO65,AES_EFF,1,A,7850.0,2012
ATO65,AES_EFF,2,A,199407.0,1999
ATO65,AES_EFF,2,A,238098.0,2005
ATO65,AES_EFF,2,A,295777.0,2008
ATO65,AES_EFF,2,A,178310.0,2012
ATO65,AES_EFF,3,A,25000.0,1999
ATO65,AES_EFF,3,A,58038.0,2005
ATO65,AES_EFF,3,A,57821.0,2008
ATO65,AES_EFF,3,A,107542.0,2012
ATO65,AES_EFF,9,A,224607.0,1999
ATO65,AES_EFF,9,A,298007.0,2005
ATO65,AES_EFF,9,A,362087.0,2008
ATO65,AES_EFF,9,A,293702.0,2012
ATO65,DEP_ESER,1,A,1.0,1999
ATO65,DEP_ESER,1,A,9.0,2005
ATO65,DEP_ESER,1,A,15.0,2008
ATO65,DEP_ESER,1,A,15.0,2012
ATO65,DEP_ESER,2,A,89.0,1999
ATO65,DEP_ESER,2,A,108.0,2005
ATO65,DEP_ESER,2,A,125.0,2008
ATO65,DEP_ESER,2,A,115.0,2012
ATO65,DEP_ESER,3,A,3.0,1999
ATO65,DEP_ESER,3,A,4.0,2005
ATO65,DEP_ESER,3,A,4.0,2008
ATO65,DEP_ESER,3,A,18.0,2012
ATO65,DEP_ESER,9,A,93.0,1999
ATO65,DEP_ESER,9,A,121.0,2005
ATO65,DEP_ESER,9,A,144.0,2008
ATO65,DEP_ESER,9,A,148.0,2012
ATO7,AES_EFF,1,A,24533.0,1999
ATO7,AES_EFF,1,A,42965.0,2005
ATO7,AES_EFF,1,A,60899.0,2008
ATO7,AES_EFF,1,A,61861.0,2012
ATO7,AES_EFF,2,A,37192.0,1999
ATO7,AES_EFF,2,A,73475.0,2005
ATO7,AES_EFF,2,A,73584.0,2008
ATO7,AES_EFF,2,A,130757.0,2012
ATO7,AES_EFF,3,A,140016.0,1999
ATO7,AES_EFF,3,A,163418.0,2005
ATO7,AES_EFF,3,A,171730.0,2008
ATO7,AES_EFF,3,A,119200.0,2012
ATO7,AES_EFF,9,A,201741.0,1999
ATO7,AES_EFF,9,A,279858.0,2005
ATO7,AES_EFF,9,A,306213.0,2008
ATO7,AES_EFF,9,A,311818.0,2012
ATO7,DEP_ESER,1,A,173.0,1999
ATO7,DEP_ESER,1,A,194.0,2005
ATO7,DEP_ESER,1,A,215.0,2008
ATO7,DEP_ESER,1,A,281.0,2012
ATO7,DEP_ESER,2,A,11.0,1999
ATO7,DEP_ESER,2,A,13.0,2005
ATO7,DEP_ESER,2,A,15.0,2008
ATO7,DEP_ESER,2,A,20.0,2012
ATO7,DEP_ESER,3,A,8.0,1999
ATO7,DEP_ESER,3,A,10.0,2005
ATO7,DEP_ESER,3,A,11.0,2008
ATO7,DEP_ESER,3,A,5.0,2012
ATO7,DEP_ESER,9,A,192.0,1999
ATO7,DEP_ESER,9,A,217.0,2005
ATO7,DEP_ESER,9,A,241.0,2008
ATO7,DEP_ESER,9,A,306.0,2012
ATO72,AES_EFF,1,A,4786.0,1999
ATO72,AES_EFF,1,A,7326.0,2005
ATO72,AES_EFF,1,A,17355.0,2008
ATO72,AES_EFF,1,A,42559.0,2012
ATO72,AES_EFF,2,A,133043.0,1999
ATO72,AES_EFF,2,A,152955.0,2005
ATO72,AES_EFF,2,A,158173.0,2008
ATO72,AES_EFF,2,A,186104.0,2012
ATO72,AES_EFF,3,A,304038.0,1999
ATO72,AES_EFF,3,A,315104.0,2005
ATO72,AES_EFF,3,A,342270.0,2008
ATO72,AES_EFF,3,A,288532.0,2012
ATO72,AES_EFF,9,A,441867.0,1999
ATO72,AES_EFF,9,A,475385.0,2005
ATO72,AES_EFF,9,A,517798.0,2008
ATO72,AES_EFF,9,A,517195.0,2012
ATO72,DEP_ESER,1,A,5.0,1999
ATO72,DEP_ESER,1,A,10.0,2005
ATO72,DEP_ESER,1,A,26.0,2008
ATO72,DEP_ESER,1,A,74.0,2012
ATO72,DEP_ESER,2,A,113.0,1999
ATO72,DEP_ESER,2,A,130.0,2005
ATO72,DEP_ESER,2,A,149.0,2008
ATO72,DEP_ESER,2,A,162.0,2012
ATO72,DEP_ESER,3,A,26.0,1999
ATO72,DEP_ESER,3,A,28.0,2005
ATO72,DEP_ESER,3,A,40.0,2008
ATO72,DEP_ESER,3,A,27.0,2012
ATO72,DEP_ESER,9,A,144.0,1999
ATO72,DEP_ESER,9,A,168.0,2005
ATO72,DEP_ESER,9,A,215.0,2008
ATO72,DEP_ESER,9,A,243.0,2012
ATO73,AES_EFF,1,A,52517.0,1999
ATO73,AES_EFF,1,A,52575.0,2005
ATO73,AES_EFF,1,A,28085.0,2008
ATO73,AES_EFF,1,A,72616.0,2012
ATO73,AES_EFF,2,A,159498.0,1999
ATO73,AES_EFF,2,A,177598.0,2005
ATO73,AES_EFF,2,A,199662.0,2008
ATO73,AES_EFF,2,A,620773.0,2012
ATO73,AES_EFF,3,A,596263.0,1999
ATO73,AES_EFF,3,A,595561.0,2005
ATO73,AES_EFF,3,A,610395.0,2008
ATO73,AES_EFF,3,A,203433.0,2012
ATO73,AES_EFF,9,A,808278.0,1999
ATO73,AES_EFF,9,A,825734.0,2005
ATO73,AES_EFF,9,A,838142.0,2008
ATO73,AES_EFF,9,A,896822.0,2012
ATO73,DEP_ESER,1,A,23.0,1999
ATO73,DEP_ESER,1,A,23.0,2005
ATO73,DEP_ESER,1,A,29.0,2008
ATO73,DEP_ESER,1,A,69.0,2012
ATO73,DEP_ESER,2,A,87.0,1999
ATO73,DEP_ESER,2,A,93.0,2005
ATO73,DEP_ESER,2,A,120.0,2008
ATO73,DEP_ESER,2,A,120.0,2012
ATO73,DEP_ESER,3,A,19.0,1999
ATO73,DEP_ESER,3,A,19.0,2005
ATO73,DEP_ESER,3,A,28.0,2008
ATO73,DEP_ESER,3,A,24.0,2012
ATO73,DEP_ESER,9,A,129.0,1999
ATO73,DEP_ESER,9,A,135.0,2005
ATO73,DEP_ESER,9,A,177.0,2008
ATO73,DEP_ESER,9,A,212.0,2012
ATO74,AES_EFF,1,A,30289.0,1999
ATO74,AES_EFF,1,A,32639.0,2005
ATO74,AES_EFF,1,A,35641.0,2008
ATO74,AES_EFF,1,A,183668.0,2012
ATO74,AES_EFF,2,A,3704453.0,1999
ATO74,AES_EFF,2,A,3717253.0,2005
ATO74,AES_EFF,2,A,3682855.0,2008
ATO74,AES_EFF,2,A,2169531.0,2012
ATO74,AES_EFF,3,A,1159544.0,1999
ATO74,AES_EFF,3,A,861544.0,2005
ATO74,AES_EFF,3,A,785530.0,2008
ATO74,AES_EFF,3,A,813473.0,2012
ATO74,AES_EFF,9,A,4894286.0,1999
ATO74,AES_EFF,9,A,4611436.0,2005
ATO74,AES_EFF,9,A,4504026.0,2008
ATO74,AES_EFF,9,A,3166672.0,2012
ATO74,DEP_ESER,1,A,18.0,1999
ATO74,DEP_ESER,1,A,21.0,2005
ATO74,DEP_ESER,1,A,29.0,2008
ATO74,DEP_ESER,1,A,47.0,2012
ATO74,DEP_ESER,2,A,26.0,1999
ATO74,DEP_ESER,2,A,29.0,2005
ATO74,DEP_ESER,2,A,40.0,2008
ATO74,DEP_ESER,2,A,36.0,2012
ATO74,DEP_ESER,3,A,12.0,1999
ATO74,DEP_ESER,3,A,12.0,2005
ATO74,DEP_ESER,3,A,16.0,2008
ATO74,DEP_ESER,3,A,26.0,2012
ATO74,DEP_ESER,9,A,56.0,1999
ATO74,DEP_ESER,9,A,62.0,2005
ATO74,DEP_ESER,9,A,85.0,2008
ATO74,DEP_ESER,9,A,104.0,2012
ATO75,AES_EFF,1,A,8832.0,1999
ATO75,AES_EFF,1,A,8832.0,2005
ATO75,AES_EFF,1,A,1832.0,2008
ATO75,AES_EFF,1,A,5457.0,2012
ATO75,AES_EFF,2,A,170380.0,1999
ATO75,AES_EFF,2,A,633633.0,2005
ATO75,AES_EFF,2,A,634809.0,2008
ATO75,AES_EFF,2,A,294390.0,2012
ATO75,AES_EFF,3,A,392570.0,1999
ATO75,AES_EFF,3,A,520757.0,2005
ATO75,AES_EFF,3,A,936029.0,2008
ATO75,AES_EFF,3,A,1884485.0,2012
ATO75,AES_EFF,9,A,571782.0,1999
ATO75,AES_EFF,9,A,1163222.0,2005
ATO75,AES_EFF,9,A,1572670.0,2008
ATO75,AES_EFF,9,A,2184332.0,2012
ATO75,DEP_ESER,1,A,5.0,1999
ATO75,DEP_ESER,1,A,5.0,2005
ATO75,DEP_ESER,1,A,3.0,2008
ATO75,DEP_ESER,1,A,7.0,2012
ATO75,DEP_ESER,2,A,32.0,1999
ATO75,DEP_ESER,2,A,34.0,2005
ATO75,DEP_ESER,2,A,34.0,2008
ATO75,DEP_ESER,2,A,31.0,2012
ATO75,DEP_ESER,3,A,5.0,1999
ATO75,DEP_ESER,3,A,6.0,2005
ATO75,DEP_ESER,3,A,7.0,2008
ATO75,DEP_ESER,3,A,10.0,2012
ATO75,DEP_ESER,9,A,42.0,1999
ATO75,DEP_ESER,9,A,45.0,2005
ATO75,DEP_ESER,9,A,44.0,2008
ATO75,DEP_ESER,9,A,47.0,2012
ATO76,AES_EFF,1,A,26415.0,1999
ATO76,AES_EFF,1,A,26415.0,2005
ATO76,AES_EFF,1,A,35901.0,2008
ATO76,AES_EFF,1,A,74901.0,2012
ATO76,AES_EFF,2,A,221043.0,1999
ATO76,AES_EFF,2,A,352184.0,2005
ATO76,AES_EFF,2,A,359213.0,2008
ATO76,AES_EFF,2,A,809424.0,2012
ATO76,AES_EFF,3,A,580933.0,1999
ATO76,AES_EFF,3,A,593914.0,2005
ATO76,AES_EFF,3,A,593701.0,2008
ATO76,AES_EFF,3,A,138940.0,2012
ATO76,AES_EFF,9,A,828391.0,1999
ATO76,AES_EFF,9,A,972513.0,2005
ATO76,AES_EFF,9,A,988815.0,2008
ATO76,AES_EFF,9,A,1023265.0,2012
ATO76,DEP_ESER,1,A,25.0,1999
ATO76,DEP_ESER,1,A,25.0,2005
ATO76,DEP_ESER,1,A,33.0,2008
ATO76,DEP_ESER,1,A,51.0,2012
ATO76,DEP_ESER,2,A,97.0,1999
ATO76,DEP_ESER,2,A,105.0,2005
ATO76,DEP_ESER,2,A,108.0,2008
ATO76,DEP_ESER,2,A,123.0,2012
ATO76,DEP_ESER,3,A,32.0,1999
ATO76,DEP_ESER,3,A,42.0,2005
ATO76,DEP_ESER,3,A,41.0,2008
ATO76,DEP_ESER,3,A,26.0,2012
ATO76,DEP_ESER,9,A,154.0,1999
ATO76,DEP_ESER,9,A,172.0,2005
ATO76,DEP_ESER,9,A,182.0,2008
ATO76,DEP_ESER,9,A,200.0,2012
ATO77,AES_EFF,1,A,103312.0,1999
ATO77,AES_EFF,1,A,65686.0,2005
ATO77,AES_EFF,1,A,92028.0,2008
ATO77,AES_EFF,1,A,110463.0,2012
ATO77,AES_EFF,2,A,1389453.0,1999
ATO77,AES_EFF,2,A,1509492.0,2005
ATO77,AES_EFF,2,A,1510573.0,2008
ATO77,AES_EFF,2,A,663974.0,2012
ATO77,AES_EFF,3,A,2192359.0,1999
ATO77,AES_EFF,3,A,2466007.0,2005
ATO77,AES_EFF,3,A,2642766.0,2008
ATO77,AES_EFF,3,A,4046595.0,2012
ATO77,AES_EFF,9,A,3685124.0,1999
ATO77,AES_EFF,9,A,4041185.0,2005
ATO77,AES_EFF,9,A,4245368.0,2008
ATO77,AES_EFF,9,A,4821032.0,2012
ATO77,DEP_ESER,1,A,13.0,1999
ATO77,DEP_ESER,1,A,10.0,2005
ATO77,DEP_ESER,1,A,9.0,2008
ATO77,DEP_ESER,1,A,23.0,2012
ATO77,DEP_ESER,2,A,87.0,1999
ATO77,DEP_ESER,2,A,94.0,2005
ATO77,DEP_ESER,2,A,85.0,2008
ATO77,DEP_ESER,2,A,48.0,2012
ATO77,DEP_ESER,3,A,89.0,1999
ATO77,DEP_ESER,3,A,97.0,2005
ATO77,DEP_ESER,3,A,97.0,2008
ATO77,DEP_ESER,3,A,158.0,2012
ATO77,DEP_ESER,9,A,189.0,1999
ATO77,DEP_ESER,9,A,201.0,2005
ATO77,DEP_ESER,9,A,191.0,2008
ATO77,DEP_ESER,9,A,228.0,2012
ATO78,AES_EFF,1,A,18410.0,1999
ATO78,AES_EFF,1,A,2110.0,2005
ATO78,AES_EFF,1,A,33933.0,2008
ATO78,AES_EFF,1,A,10608.0,2012
ATO78,AES_EFF,2,A,114210.0,1999
ATO78,AES_EFF,2,A,224078.0,2005
ATO78,AES_EFF,2,A,241265.0,2008
ATO78,AES_EFF,2,A,180909.0,2012
ATO78,AES_EFF,3,A,207405.0,1999
ATO78,AES_EFF,3,A,340919.0,2005
ATO78,AES_EFF,3,A,356180.0,2008
ATO78,AES_EFF,3,A,432755.0,2012
ATO78,AES_EFF,9,A,340025.0,1999
ATO78,AES_EFF,9,A,567107.0,2005
ATO78,AES_EFF,9,A,631378.0,2008
ATO78,AES_EFF,9,A,624272.0,2012
ATO78,DEP_ESER,1,A,5.0,1999
ATO78,DEP_ESER,1,A,7.0,2005
ATO78,DEP_ESER,1,A,23.0,2008
ATO78,DEP_ESER,1,A,26.0,2012
ATO78,DEP_ESER,2,A,71.0,1999
ATO78,DEP_ESER,2,A,144.0,2005
ATO78,DEP_ESER,2,A,150.0,2008
ATO78,DEP_ESER,2,A,93.0,2012
ATO78,DEP_ESER,3,A,11.0,1999
ATO78,DEP_ESER,3,A,25.0,2005
ATO78,DEP_ESER,3,A,25.0,2008
ATO78,DEP_ESER,3,A,89.0,2012
ATO78,DEP_ESER,9,A,87.0,1999
ATO78,DEP_ESER,9,A,176.0,2005
ATO78,DEP_ESER,9,A,198.0,2008
ATO78,DEP_ESER,9,A,208.0,2012
ATO8,AES_EFF,1,A,33866.0,1999
ATO8,AES_EFF,1,A,8977.0,2005
ATO8,AES_EFF,1,A,21196.0,2008
ATO8,AES_EFF,1,A,21567.0,2012
ATO8,AES_EFF,2,A,55873.0,1999
ATO8,AES_EFF,2,A,62144.0,2005
ATO8,AES_EFF,2,A,55348.0,2008
ATO8,AES_EFF,2,A,146827.0,2012
ATO8,AES_EFF,3,A,998992.0,1999
ATO8,AES_EFF,3,A,1132274.0,2005
ATO8,AES_EFF,3,A,1309339.0,2008
ATO8,AES_EFF,3,A,1373714.0,2012
ATO8,AES_EFF,9,A,1088732.0,1999
ATO8,AES_EFF,9,A,1203396.0,2005
ATO8,AES_EFF,9,A,1385883.0,2008
ATO8,AES_EFF,9,A,1542108.0,2012
ATO8,DEP_ESER,1,A,22.0,1999
ATO8,DEP_ESER,1,A,29.0,2005
ATO8,DEP_ESER,1,A,46.0,2008
ATO8,DEP_ESER,1,A,58.0,2012
ATO8,DEP_ESER,2,A,28.0,1999
ATO8,DEP_ESER,2,A,30.0,2005
ATO8,DEP_ESER,2,A,31.0,2008
ATO8,DEP_ESER,2,A,34.0,2012
ATO8,DEP_ESER,3,A,49.0,1999
ATO8,DEP_ESER,3,A,53.0,2005
ATO8,DEP_ESER,3,A,62.0,2008
ATO8,DEP_ESER,3,A,59.0,2012
ATO8,DEP_ESER,9,A,99.0,1999
ATO8,DEP_ESER,9,A,112.0,2005
ATO8,DEP_ESER,9,A,139.0,2008
ATO8,DEP_ESER,9,A,151.0,2012
ATO84,AES_EFF,1,A,39215.0,1999
ATO84,AES_EFF,1,A,49633.0,2005
ATO84,AES_EFF,1,A,51463.0,2008
ATO84,AES_EFF,1,A,70272.0,2012
ATO84,AES_EFF,2,A,308048.0,1999
ATO84,AES_EFF,2,A,373830.0,2005
ATO84,AES_EFF,2,A,446567.0,2008
ATO84,AES_EFF,2,A,611747.0,2012
ATO84,AES_EFF,3,A,245634.0,1999
ATO84,AES_EFF,3,A,302789.0,2005
ATO84,AES_EFF,3,A,311800.0,2008
ATO84,AES_EFF,3,A,210446.0,2012
ATO84,AES_EFF,9,A,592897.0,1999
ATO84,AES_EFF,9,A,726251.0,2005
ATO84,AES_EFF,9,A,809830.0,2008
ATO84,AES_EFF,9,A,892465.0,2012
ATO84,DEP_ESER,1,A,7.0,1999
ATO84,DEP_ESER,1,A,11.0,2005
ATO84,DEP_ESER,1,A,16.0,2008
ATO84,DEP_ESER,1,A,32.0,2012
ATO84,DEP_ESER,2,A,24.0,1999
ATO84,DEP_ESER,2,A,26.0,2005
ATO84,DEP_ESER,2,A,37.0,2008
ATO84,DEP_ESER,2,A,61.0,2012
ATO84,DEP_ESER,3,A,24.0,1999
ATO84,DEP_ESER,3,A,25.0,2005
ATO84,DEP_ESER,3,A,32.0,2008
ATO84,DEP_ESER,3,A,5.0,2012
ATO84,DEP_ESER,9,A,55.0,1999
ATO84,DEP_ESER,9,A,62.0,2005
ATO84,DEP_ESER,9,A,85.0,2008
ATO84,DEP_ESER,9,A,98.0,2012
ATO85,AES_EFF,1,A,17583.0,1999
ATO85,AES_EFF,1,A,17583.0,2005
ATO85,AES_EFF,1,A,10938.0,2008
ATO85,AES_EFF,1,A,22060.0,2012
ATO85,AES_EFF,2,A,96719.0,1999
ATO85,AES_EFF,2,A,116216.0,2005
ATO85,AES_EFF,2,A,131679.0,2008
ATO85,AES_EFF,2,A,160321.0,2012
ATO85,AES_EFF,3,A,160897.0,1999
ATO85,AES_EFF,3,A,171897.0,2005
ATO85,AES_EFF,3,A,227897.0,2008
ATO85,AES_EFF,3,A,534592.0,2012
ATO85,AES_EFF,9,A,275199.0,1999
ATO85,AES_EFF,9,A,305696.0,2005
ATO85,AES_EFF,9,A,370514.0,2008
ATO85,AES_EFF,9,A,716973.0,2012
ATO85,DEP_ESER,1,A,8.0,1999
ATO85,DEP_ESER,1,A,8.0,2005
ATO85,DEP_ESER,1,A,5.0,2008
ATO85,DEP_ESER,1,A,22.0,2012
ATO85,DEP_ESER,2,A,14.0,1999
ATO85,DEP_ESER,2,A,15.0,2005
ATO85,DEP_ESER,2,A,18.0,2008
ATO85,DEP_ESER,2,A,15.0,2012
ATO85,DEP_ESER,3,A,9.0,1999
ATO85,DEP_ESER,3,A,10.0,2005
ATO85,DEP_ESER,3,A,11.0,2008
ATO85,DEP_ESER,3,A,9.0,2012
ATO85,DEP_ESER,9,A,31.0,1999
ATO85,DEP_ESER,9,A,33.0,2005
ATO85,DEP_ESER,9,A,34.0,2008
ATO85,DEP_ESER,9,A,46.0,2012
ATO86,AES_EFF,1,A,62103.0,1999
ATO86,AES_EFF,1,A,71965.0,2005
ATO86,AES_EFF,1,A,92699.0,2008
ATO86,AES_EFF,1,A,191345.0,2012
ATO86,AES_EFF,2,A,337661.0,1999
ATO86,AES_EFF,2,A,341551.0,2005
ATO86,AES_EFF,2,A,437699.0,2008
ATO86,AES_EFF,2,A,452981.0,2012
ATO86,AES_EFF,3,A,230117.0,1999
ATO86,AES_EFF,3,A,234480.0,2005
ATO86,AES_EFF,3,A,249172.0,2008
ATO86,AES_EFF,3,A,359627.0,2012
ATO86,AES_EFF,9,A,629881.0,1999
ATO86,AES_EFF,9,A,647996.0,2005
ATO86,AES_EFF,9,A,779570.0,2008
ATO86,AES_EFF,9,A,1003953.0,2012
ATO86,DEP_ESER,1,A,22.0,1999
ATO86,DEP_ESER,1,A,29.0,2005
ATO86,DEP_ESER,1,A,59.0,2008
ATO86,DEP_ESER,1,A,112.0,2012
ATO86,DEP_ESER,2,A,28.0,1999
ATO86,DEP_ESER,2,A,32.0,2005
ATO86,DEP_ESER,2,A,46.0,2008
ATO86,DEP_ESER,2,A,40.0,2012
ATO86,DEP_ESER,3,A,9.0,1999
ATO86,DEP_ESER,3,A,14.0,2005
ATO86,DEP_ESER,3,A,20.0,2008
ATO86,DEP_ESER,3,A,15.0,2012
ATO86,DEP_ESER,9,A,59.0,1999
ATO86,DEP_ESER,9,A,75.0,2005
ATO86,DEP_ESER,9,A,125.0,2008
ATO86,DEP_ESER,9,A,167.0,2012
ATO87,AES_EFF,1,A,24400.0,1999
ATO87,AES_EFF,1,A,24400.0,2005
ATO87,AES_EFF,1,A,10200.0,2008
ATO87,AES_EFF,1,A,52169.0,2012
ATO87,AES_EFF,2,A,742619.0,1999
ATO87,AES_EFF,2,A,741819.0,2005
ATO87,AES_EFF,2,A,741969.0,2008
ATO87,AES_EFF,2,A,584386.0,2012
ATO87,AES_EFF,3,A,219700.0,1999
ATO87,AES_EFF,3,A,221700.0,2005
ATO87,AES_EFF,3,A,243700.0,2008
ATO87,AES_EFF,3,A,1156.0,2012
ATO87,AES_EFF,9,A,986719.0,1999
ATO87,AES_EFF,9,A,987919.0,2005
ATO87,AES_EFF,9,A,995869.0,2008
ATO87,AES_EFF,9,A,637711.0,2012
ATO87,DEP_ESER,1,A,3.0,1999
ATO87,DEP_ESER,1,A,3.0,2005
ATO87,DEP_ESER,1,A,3.0,2008
ATO87,DEP_ESER,1,A,10.0,2012
ATO87,DEP_ESER,2,A,8.0,1999
ATO87,DEP_ESER,2,A,8.0,2005
ATO87,DEP_ESER,2,A,8.0,2008
ATO87,DEP_ESER,2,A,10.0,2012
ATO87,DEP_ESER,3,A,7.0,1999
ATO87,DEP_ESER,3,A,7.0,2005
ATO87,DEP_ESER,3,A,6.0,2008
ATO87,DEP_ESER,3,A,4.0,2012
ATO87,DEP_ESER,9,A,18.0,1999
ATO87,DEP_ESER,9,A,18.0,2005
ATO87,DEP_ESER,9,A,17.0,2008
ATO87,DEP_ESER,9,A,24.0,2012
ATO88,AES_EFF,1,A,33352.0,1999
ATO88,AES_EFF,1,A,33251.0,2005
ATO88,AES_EFF,1,A,33251.0,2008
ATO88,AES_EFF,1,A,76273.0,2012
ATO88,AES_EFF,2,A,183760.0,1999
ATO88,AES_EFF,2,A,192637.0,2005
ATO88,AES_EFF,2,A,165557.0,2008
ATO88,AES_EFF,2,A,191554.0,2012
ATO88,AES_EFF,3,A,66500.0,1999
ATO88,AES_EFF,3,A,66500.0,2005
ATO88,AES_EFF,3,A,100450.0,2008
ATO88,AES_EFF,3,A,42000.0,2012
ATO88,AES_EFF,9,A,283612.0,1999
ATO88,AES_EFF,9,A,292388.0,2005
ATO88,AES_EFF,9,A,299258.0,2008
ATO88,AES_EFF,9,A,309827.0,2012
ATO88,DEP_ESER,1,A,2.0,1999
ATO88,DEP_ESER,1,A,2.0,2005
ATO88,DEP_ESER,1,A,2.0,2008
ATO88,DEP_ESER,1,A,6.0,2012
ATO88,DEP_ESER,2,A,13.0,1999
ATO88,DEP_ESER,2,A,14.0,2005
ATO88,DEP_ESER,2,A,14.0,2008
ATO88,DEP_ESER,2,A,13.0,2012
ATO88,DEP_ESER,3,A,3.0,1999
ATO88,DEP_ESER,3,A,3.0,2005
ATO88,DEP_ESER,3,A,4.0,2008
ATO88,DEP_ESER,3,A,3.0,2012
ATO88,DEP_ESER,9,A,18.0,1999
ATO88,DEP_ESER,9,A,19.0,2005
ATO88,DEP_ESER,9,A,20.0,2008
ATO88,DEP_ESER,9,A,22.0,2012
ATO89,AES_EFF,1,A,5500.0,2008
ATO89,AES_EFF,1,A,5500.0,2012
ATO89,AES_EFF,2,A,81596.0,1999
ATO89,AES_EFF,2,A,75692.0,2005
ATO89,AES_EFF,2,A,102904.0,2008
ATO89,AES_EFF,2,A,116790.0,2012
ATO89,AES_EFF,3,A,5040.0,1999
ATO89,AES_EFF,3,A,5040.0,2005
ATO89,AES_EFF,3,A,5590.0,2008
ATO89,AES_EFF,3,A,3472.0,2012
ATO89,AES_EFF,9,A,86636.0,1999
ATO89,AES_EFF,9,A,80732.0,2005
ATO89,AES_EFF,9,A,113994.0,2008
ATO89,AES_EFF,9,A,125762.0,2012
ATO89,DEP_ESER,1,A,1.0,2008
ATO89,DEP_ESER,1,A,9.0,2012
ATO89,DEP_ESER,2,A,12.0,1999
ATO89,DEP_ESER,2,A,12.0,2005
ATO89,DEP_ESER,2,A,19.0,2008
ATO89,DEP_ESER,2,A,24.0,2012
ATO89,DEP_ESER,3,A,1.0,1999
ATO89,DEP_ESER,3,A,1.0,2005
ATO89,DEP_ESER,3,A,2.0,2008
ATO89,DEP_ESER,3,A,1.0,2012
ATO89,DEP_ESER,9,A,13.0,1999
ATO89,DEP_ESER,9,A,13.0,2005
ATO89,DEP_ESER,9,A,22.0,2008
ATO89,DEP_ESER,9,A,34.0,2012
ATO9,AES_EFF,1,A,10462.0,1999
ATO9,AES_EFF,1,A,10725.0,2005
ATO9,AES_EFF,1,A,23538.0,2008
ATO9,AES_EFF,1,A,27457.0,2012
ATO9,AES_EFF,2,A,302347.0,1999
ATO9,AES_EFF,2,A,362509.0,2005
ATO9,AES_EFF,2,A,406694.0,2008
ATO9,AES_EFF,2,A,278564.0,2012
ATO9,AES_EFF,3,A,516098.0,1999
ATO9,AES_EFF,3,A,567033.0,2005
ATO9,AES_EFF,3,A,577408.0,2008
ATO9,AES_EFF,3,A,445551.0,2012
ATO9,AES_EFF,9,A,828907.0,1999
ATO9,AES_EFF,9,A,940267.0,2005
ATO9,AES_EFF,9,A,1007640.0,2008
ATO9,AES_EFF,9,A,751572.0,2012
ATO9,DEP_ESER,1,A,30.0,1999
ATO9,DEP_ESER,1,A,30.0,2005
ATO9,DEP_ESER,1,A,77.0,2008
ATO9,DEP_ESER,1,A,108.0,2012
ATO9,DEP_ESER,2,A,114.0,1999
ATO9,DEP_ESER,2,A,130.0,2005
ATO9,DEP_ESER,2,A,135.0,2008
ATO9,DEP_ESER,2,A,132.0,2012
ATO9,DEP_ESER,3,A,24.0,1999
ATO9,DEP_ESER,3,A,25.0,2005
ATO9,DEP_ESER,3,A,27.0,2008
ATO9,DEP_ESER,3,A,49.0,2012
ATO9,DEP_ESER,9,A,168.0,1999
ATO9,DEP_ESER,9,A,185.0,2005
ATO9,DEP_ESER,9,A,239.0,2008
ATO9,DEP_ESER,9,A,287.0,2012
ATO90,AES_EFF,1,A,40000.0,1999
ATO90,AES_EFF,1,A,47000.0,2005
ATO90,AES_EFF,1,A,61738.0,2008
ATO90,AES_EFF,1,A,28313.0,2012
ATO90,AES_EFF,2,A,193400.0,1999
ATO90,AES_EFF,2,A,187724.0,2005
ATO90,AES_EFF,2,A,253911.0,2008
ATO90,AES_EFF,2,A,279210.0,2012
ATO90,AES_EFF,3,A,32607.0,1999
ATO90,AES_EFF,3,A,84607.0,2005
ATO90,AES_EFF,3,A,100807.0,2008
ATO90,AES_EFF,3,A,55000.0,2012
ATO90,AES_EFF,9,A,266007.0,1999
ATO90,AES_EFF,9,A,319331.0,2005
ATO90,AES_EFF,9,A,416456.0,2008
ATO90,AES_EFF,9,A,362523.0,2012
ATO90,DEP_ESER,1,A,1.0,1999
ATO90,DEP_ESER,1,A,2.0,2005
ATO90,DEP_ESER,1,A,7.0,2008
ATO90,DEP_ESER,1,A,12.0,2012
ATO90,DEP_ESER,2,A,17.0,1999
ATO90,DEP_ESER,2,A,19.0,2005
ATO90,DEP_ESER,2,A,26.0,2008
ATO90,DEP_ESER,2,A,34.0,2012
ATO90,DEP_ESER,3,A,4.0,1999
ATO90,DEP_ESER,3,A,5.0,2005
ATO90,DEP_ESER,3,A,7.0,2008
ATO90,DEP_ESER,3,A,4.0,2012
ATO90,DEP_ESER,9,A,22.0,1999
ATO90,DEP_ESER,9,A,26.0,2005
ATO90,DEP_ESER,9,A,40.0,2008
ATO90,DEP_ESER,9,A,50.0,2012
ATO91,AES_EFF,1,A,800.0,1999
ATO91,AES_EFF,1,A,1080.0,2005
ATO91,AES_EFF,1,A,1080.0,2008
ATO91,AES_EFF,1,A,17175.0,2012
ATO91,AES_EFF,2,A,142888.0,1999
ATO91,AES_EFF,2,A,144440.0,2005
ATO91,AES_EFF,2,A,142525.0,2008
ATO91,AES_EFF,2,A,135740.0,2012
ATO91,AES_EFF,3,A,66997.0,1999
ATO91,AES_EFF,3,A,67200.0,2005
ATO91,AES_EFF,3,A,67200.0,2008
ATO91,AES_EFF,3,A,51600.0,2012
ATO91,AES_EFF,9,A,210685.0,1999
ATO91,AES_EFF,9,A,212720.0,2005
ATO91,AES_EFF,9,A,210805.0,2008
ATO91,AES_EFF,9,A,204515.0,2012
ATO91,DEP_ESER,1,A,3.0,1999
ATO91,DEP_ESER,1,A,3.0,2005
ATO91,DEP_ESER,1,A,3.0,2008
ATO91,DEP_ESER,1,A,12.0,2012
ATO91,DEP_ESER,2,A,19.0,1999
ATO91,DEP_ESER,2,A,19.0,2005
ATO91,DEP_ESER,2,A,18.0,2008
ATO91,DEP_ESER,2,A,17.0,2012
ATO91,DEP_ESER,3,A,3.0,1999
ATO91,DEP_ESER,3,A,3.0,2005
ATO91,DEP_ESER,3,A,3.0,2008
ATO91,DEP_ESER,3,A,2.0,2012
ATO91,DEP_ESER,9,A,25.0,1999
ATO91,DEP_ESER,9,A,25.0,2005
ATO91,DEP_ESER,9,A,24.0,2008
ATO91,DEP_ESER,9,A,31.0,2012
ATO92,AES_EFF,1,A,30430.0,1999
ATO92,AES_EFF,1,A,22300.0,2005
ATO92,AES_EFF,1,A,19717.0,2008
ATO92,AES_EFF,1,A,27564.0,2012
ATO92,AES_EFF,2,A,65235.0,1999
ATO92,AES_EFF,2,A,65310.0,2005
ATO92,AES_EFF,2,A,49328.0,2008
ATO92,AES_EFF,2,A,184964.0,2012
ATO92,AES_EFF,3,A,224580.0,1999
ATO92,AES_EFF,3,A,223180.0,2005
ATO92,AES_EFF,3,A,224900.0,2008
ATO92,AES_EFF,3,A,120050.0,2012
ATO92,AES_EFF,9,A,320245.0,1999
ATO92,AES_EFF,9,A,310790.0,2005
ATO92,AES_EFF,9,A,293945.0,2008
ATO92,AES_EFF,9,A,332578.0,2012
ATO92,DEP_ESER,1,A,3.0,1999
ATO92,DEP_ESER,1,A,4.0,2005
ATO92,DEP_ESER,1,A,3.0,2008
ATO92,DEP_ESER,1,A,7.0,2012
ATO92,DEP_ESER,2,A,18.0,1999
ATO92,DEP_ESER,2,A,18.0,2005
ATO92,DEP_ESER,2,A,19.0,2008
ATO92,DEP_ESER,2,A,21.0,2012
ATO92,DEP_ESER,3,A,13.0,1999
ATO92,DEP_ESER,3,A,13.0,2005
ATO92,DEP_ESER,3,A,14.0,2008
ATO92,DEP_ESER,3,A,14.0,2012
ATO92,DEP_ESER,9,A,34.0,1999
ATO92,DEP_ESER,9,A,35.0,2005
ATO92,DEP_ESER,9,A,36.0,2008
ATO92,DEP_ESER,9,A,42.0,2012
ATO93,AES_EFF,1,A,12939.0,1999
ATO93,AES_EFF,1,A,13679.0,2005
ATO93,AES_EFF,1,A,13033.0,2008
ATO93,AES_EFF,1,A,376895.0,2012
ATO93,AES_EFF,2,A,973926.0,1999
ATO93,AES_EFF,2,A,1099302.0,2005
ATO93,AES_EFF,2,A,1162041.0,2008
ATO93,AES_EFF,2,A,714156.0,2012
ATO93,AES_EFF,3,A,870914.0,1999
ATO93,AES_EFF,3,A,1503947.0,2005
ATO93,AES_EFF,3,A,1723394.0,2008
ATO93,AES_EFF,3,A,1880302.0,2012
ATO93,AES_EFF,9,A,1857779.0,1999
ATO93,AES_EFF,9,A,2616928.0,2005
ATO93,AES_EFF,9,A,2898467.0,2008
ATO93,AES_EFF,9,A,2971353.0,2012
ATO93,DEP_ESER,1,A,17.0,1999
ATO93,DEP_ESER,1,A,17.0,2005
ATO93,DEP_ESER,1,A,19.0,2008
ATO93,DEP_ESER,1,A,51.0,2012
ATO93,DEP_ESER,2,A,262.0,1999
ATO93,DEP_ESER,2,A,308.0,2005
ATO93,DEP_ESER,2,A,344.0,2008
ATO93,DEP_ESER,2,A,337.0,2012
ATO93,DEP_ESER,3,A,71.0,1999
ATO93,DEP_ESER,3,A,101.0,2005
ATO93,DEP_ESER,3,A,119.0,2008
ATO93,DEP_ESER,3,A,154.0,2012
ATO93,DEP_ESER,9,A,350.0,1999
ATO93,DEP_ESER,9,A,426.0,2005
ATO93,DEP_ESER,9,A,482.0,2008
ATO93,DEP_ESER,9,A,542.0,2012
ATO94,AES_EFF,1,A,2251.0,1999
ATO94,AES_EFF,1,A,2851.0,2005
ATO94,AES_EFF,1,A,4701.0,2008
ATO94,AES_EFF,1,A,33488.0,2012
ATO94,AES_EFF,2,A,4160.0,1999
ATO94,AES_EFF,2,A,4360.0,2005
ATO94,AES_EFF,2,A,6549.0,2008
ATO94,AES_EFF,2,A,17486.0,2012
ATO94,AES_EFF,3,A,110072.0,1999
ATO94,AES_EFF,3,A,132797.0,2005
ATO94,AES_EFF,3,A,146887.0,2008
ATO94,AES_EFF,3,A,206230.0,2012
ATO94,AES_EFF,9,A,116483.0,1999
ATO94,AES_EFF,9,A,140008.0,2005
ATO94,AES_EFF,9,A,158137.0,2008
ATO94,AES_EFF,9,A,257204.0,2012
ATO94,DEP_ESER,1,A,12.0,1999
ATO94,DEP_ESER,1,A,12.0,2005
ATO94,DEP_ESER,1,A,16.0,2008
ATO94,DEP_ESER,1,A,47.0,2012
ATO94,DEP_ESER,2,A,9.0,1999
ATO94,DEP_ESER,2,A,9.0,2005
ATO94,DEP_ESER,2,A,14.0,2008
ATO94,DEP_ESER,2,A,29.0,2012
ATO94,DEP_ESER,3,A,11.0,1999
ATO94,DEP_ESER,3,A,14.0,2005
ATO94,DEP_ESER,3,A,17.0,2008
ATO94,DEP_ESER,3,A,12.0,2012
ATO94,DEP_ESER,9,A,32.0,1999
ATO94,DEP_ESER,9,A,35.0,2005
ATO94,DEP_ESER,9,A,47.0,2008
ATO94,DEP_ESER,9,A,87.0,2012
IT,AES_EFF,1,A,2036217.0,1999
IT,AES_EFF,1,A,2337657.0,2005
IT,AES_EFF,1,A,2609590.0,2008
IT,AES_EFF,1,A,3712.0,2012
IT,AES_EFF,2,A,19456032.0,1999
IT,AES_EFF,2,A,22201370.0,2005
IT,AES_EFF,2,A,23628150.0,2008
IT,AES_EFF,2,A,26304.0,2012
IT,AES_EFF,3,A,42837065.0,1999
IT,AES_EFF,3,A,48886984.0,2005
IT,AES_EFF,3,A,52264613.0,2008
IT,AES_EFF,3,A,45177.0,2012
IT,AES_EFF,9,A,64329314.0,1999
IT,AES_EFF,9,A,73426010.0,2005
IT,AES_EFF,9,A,78502352.0,2008
IT,AES_EFF,9,A,75192.0,2012
IT,DEP_ESER,1,A,5757.0,1999
IT,DEP_ESER,1,A,7487.0,2005
IT,DEP_ESER,1,A,9002.0,2008
IT,DEP_ESER,1,A,10226.0,2012
IT,DEP_ESER,2,A,4389.0,1999
IT,DEP_ESER,2,A,5319.0,2005
IT,DEP_ESER,2,A,6049.0,2008
IT,DEP_ESER,2,A,6121.0,2012
IT,DEP_ESER,3,A,1426.0,1999
IT,DEP_ESER,3,A,1667.0,2005
IT,DEP_ESER,3,A,1850.0,2008
IT,DEP_ESER,3,A,1815.0,2012
IT,DEP_ESER,9,A,11572.0,1999
IT,DEP_ESER,9,A,14473.0,2005
IT,DEP_ESER,9,A,16901.0,2008
IT,DEP_ESER,9,A,18162.0,2012
ITC,AES_EFF,1,A,701727.0,1999
ITC,AES_EFF,1,A,802455.0,2005
ITC,AES_EFF,1,A,885051.0,2008
ITC,AES_EFF,1,A,1272.0,2012
ITC,AES_EFF,2,A,3488739.0,1999
ITC,AES_EFF,2,A,4041664.0,2005
ITC,AES_EFF,2,A,4481182.0,2008
ITC,AES_EFF,2,A,5886.0,2012
ITC,AES_EFF,3,A,12836018.0,1999
ITC,AES_EFF,3,A,15133261.0,2005
ITC,AES_EFF,3,A,16206820.0,2008
ITC,AES_EFF,3,A,13504.0,2012
ITC,AES_EFF,9,A,17026485.0,1999
ITC,AES_EFF,9,A,19977380.0,2005
ITC,AES_EFF,9,A,21573054.0,2008
ITC,AES_EFF,9,A,20662.0,2012
ITC,DEP_ESER,1,A,2612.0,1999
ITC,DEP_ESER,1,A,3106.0,2005
ITC,DEP_ESER,1,A,3773.0,2008
ITC,DEP_ESER,1,A,4233.0,2012
ITC,DEP_ESER,2,A,1260.0,1999
ITC,DEP_ESER,2,A,1506.0,2005
ITC,DEP_ESER,2,A,1744.0,2008
ITC,DEP_ESER,2,A,1784.0,2012
ITC,DEP_ESER,3,A,351.0,1999
ITC,DEP_ESER,3,A,367.0,2005
ITC,DEP_ESER,3,A,429.0,2008
ITC,DEP_ESER,3,A,376.0,2012
ITC,DEP_ESER,9,A,4223.0,1999
ITC,DEP_ESER,9,A,4979.0,2005
ITC,DEP_ESER,9,A,5946.0,2008
ITC,DEP_ESER,9,A,6393.0,2012
ITC1,AES_EFF,1,A,224156.0,1999
ITC1,AES_EFF,1,A,272505.0,2005
ITC1,AES_EFF,1,A,309209.0,2008
ITC1,AES_EFF,1,A,393.0,2012
ITC1,AES_EFF,2,A,1254168.0,1999
ITC1,AES_EFF,2,A,1378928.0,2005
ITC1,AES_EFF,2,A,1610026.0,2008
ITC1,AES_EFF,2,A,2305.0,2012
ITC1,AES_EFF,3,A,4565719.0,1999
ITC1,AES_EFF,3,A,4572252.0,2005
ITC1,AES_EFF,3,A,4722896.0,2008
ITC1,AES_EFF,3,A,3748.0,2012
ITC1,AES_EFF,9,A,6044043.0,1999
ITC1,AES_EFF,9,A,6223685.0,2005
ITC1,AES_EFF,9,A,6642131.0,2008
ITC1,AES_EFF,9,A,6446.0,2012
ITC1,DEP_ESER,1,A,1606.0,1999
ITC1,DEP_ESER,1,A,2034.0,2005
ITC1,DEP_ESER,1,A,2391.0,2008
ITC1,DEP_ESER,1,A,2710.0,2012
ITC1,DEP_ESER,2,A,702.0,1999
ITC1,DEP_ESER,2,A,916.0,2005
ITC1,DEP_ESER,2,A,1058.0,2008
ITC1,DEP_ESER,2,A,1150.0,2012
ITC1,DEP_ESER,3,A,51.0,1999
ITC1,DEP_ESER,3,A,53.0,2005
ITC1,DEP_ESER,3,A,63.0,2008
ITC1,DEP_ESER,3,A,56.0,2012
ITC1,DEP_ESER,9,A,2359.0,1999
ITC1,DEP_ESER,9,A,3003.0,2005
ITC1,DEP_ESER,9,A,3512.0,2008
ITC1,DEP_ESER,9,A,3916.0,2012
ITC2,AES_EFF,1,A,24533.0,1999
ITC2,AES_EFF,1,A,42965.0,2005
ITC2,AES_EFF,1,A,60899.0,2008
ITC2,AES_EFF,1,A,62.0,2012
ITC2,AES_EFF,2,A,37192.0,1999
ITC2,AES_EFF,2,A,73475.0,2005
ITC2,AES_EFF,2,A,73584.0,2008
ITC2,AES_EFF,2,A,131.0,2012
ITC2,AES_EFF,3,A,140016.0,1999
ITC2,AES_EFF,3,A,163418.0,2005
ITC2,AES_EFF,3,A,171730.0,2008
ITC2,AES_EFF,3,A,114.0,2012
ITC2,AES_EFF,9,A,201741.0,1999
ITC2,AES_EFF,9,A,279858.0,2005
ITC2,AES_EFF,9,A,306213.0,2008
ITC2,AES_EFF,9,A,307.0,2012
ITC2,DEP_ESER,1,A,173.0,1999
ITC2,DEP_ESER,1,A,194.0,2005
ITC2,DEP_ESER,1,A,215.0,2008
ITC2,DEP_ESER,1,A,250.0,2012
ITC2,DEP_ESER,2,A,11.0,1999
ITC2,DEP_ESER,2,A,13.0,2005
ITC2,DEP_ESER,2,A,15.0,2008
ITC2,DEP_ESER,2,A,20.0,2012
ITC2,DEP_ESER,3,A,8.0,1999
ITC2,DEP_ESER,3,A,10.0,2005
ITC2,DEP_ESER,3,A,11.0,2008
ITC2,DEP_ESER,3,A,3.0,2012
ITC2,DEP_ESER,9,A,192.0,1999
ITC2,DEP_ESER,9,A,217.0,2005
ITC2,DEP_ESER,9,A,241.0,2008
ITC2,DEP_ESER,9,A,273.0,2012
ITC3,AES_EFF,1,A,263321.0,1999
ITC3,AES_EFF,1,A,303954.0,2005
ITC3,AES_EFF,1,A,364425.0,2008
ITC3,AES_EFF,1,A,470.0,2012
ITC3,AES_EFF,2,A,883589.0,1999
ITC3,AES_EFF,2,A,1156055.0,2005
ITC3,AES_EFF,2,A,1182217.0,2008
ITC3,AES_EFF,2,A,1724.0,2012
ITC3,AES_EFF,3,A,676949.0,1999
ITC3,AES_EFF,3,A,681412.0,2005
ITC3,AES_EFF,3,A,698339.0,2008
ITC3,AES_EFF,3,A,391.0,2012
ITC3,AES_EFF,9,A,1823859.0,1999
ITC3,AES_EFF,9,A,2141421.0,2005
ITC3,AES_EFF,9,A,2244981.0,2008
ITC3,AES_EFF,9,A,2584.0,2012
ITC3,DEP_ESER,1,A,419.0,1999
ITC3,DEP_ESER,1,A,444.0,2005
ITC3,DEP_ESER,1,A,602.0,2008
ITC3,DEP_ESER,1,A,660.0,2012
ITC3,DEP_ESER,2,A,94.0,1999
ITC3,DEP_ESER,2,A,101.0,2005
ITC3,DEP_ESER,2,A,119.0,2008
ITC3,DEP_ESER,2,A,107.0,2012
ITC3,DEP_ESER,3,A,26.0,1999
ITC3,DEP_ESER,3,A,26.0,2005
ITC3,DEP_ESER,3,A,30.0,2008
ITC3,DEP_ESER,3,A,14.0,2012
ITC3,DEP_ESER,9,A,539.0,1999
ITC3,DEP_ESER,9,A,571.0,2005
ITC3,DEP_ESER,9,A,751.0,2008
ITC3,DEP_ESER,9,A,781.0,2012
ITC4,AES_EFF,1,A,189717.0,1999
ITC4,AES_EFF,1,A,183031.0,2005
ITC4,AES_EFF,1,A,150518.0,2008
ITC4,AES_EFF,1,A,347.0,2012
ITC4,AES_EFF,2,A,1313791.0,1999
ITC4,AES_EFF,2,A,1433206.0,2005
ITC4,AES_EFF,2,A,1615355.0,2008
ITC4,AES_EFF,2,A,1727.0,2012
ITC4,AES_EFF,3,A,7453334.0,1999
ITC4,AES_EFF,3,A,9716178.0,2005
ITC4,AES_EFF,3,A,10613855.0,2008
ITC4,AES_EFF,3,A,9251.0,2012
ITC4,AES_EFF,9,A,8956842.0,1999
ITC4,AES_EFF,9,A,11332415.0,2005
ITC4,AES_EFF,9,A,12379729.0,2008
ITC4,AES_EFF,9,A,11325.0,2012
ITC4,DEP_ESER,1,A,414.0,1999
ITC4,DEP_ESER,1,A,434.0,2005
ITC4,DEP_ESER,1,A,565.0,2008
ITC4,DEP_ESER,1,A,613.0,2012
ITC4,DEP_ESER,2,A,453.0,1999
ITC4,DEP_ESER,2,A,476.0,2005
ITC4,DEP_ESER,2,A,552.0,2008
ITC4,DEP_ESER,2,A,507.0,2012
ITC4,DEP_ESER,3,A,266.0,1999
ITC4,DEP_ESER,3,A,278.0,2005
ITC4,DEP_ESER,3,A,325.0,2008
ITC4,DEP_ESER,3,A,303.0,2012
ITC4,DEP_ESER,9,A,1133.0,1999
ITC4,DEP_ESER,9,A,1188.0,2005
ITC4,DEP_ESER,9,A,1442.0,2008
ITC4,DEP_ESER,9,A,1423.0,2012
ITD,AES_EFF,1,A,466149.0,1999
ITD,AES_EFF,1,A,537996.0,2005
ITD,AES_EFF,1,A,503651.0,2008
ITD,AES_EFF,1,A,461.0,2012
ITD,AES_EFF,2,A,1058058.0,1999
ITD,AES_EFF,2,A,1288649.0,2005
ITD,AES_EFF,2,A,1467706.0,2008
ITD,AES_EFF,2,A,2130.0,2012
ITD,AES_EFF,3,A,13705182.0,1999
ITD,AES_EFF,3,A,14489493.0,2005
ITD,AES_EFF,3,A,15193219.0,2008
ITD,AES_EFF,3,A,13293.0,2012
ITD,AES_EFF,9,A,15229388.0,1999
ITD,AES_EFF,9,A,16316138.0,2005
ITD,AES_EFF,9,A,17164575.0,2008
ITD,AES_EFF,9,A,15884.0,2012
ITD,DEP_ESER,1,A,1634.0,1999
ITD,DEP_ESER,1,A,2273.0,2005
ITD,DEP_ESER,1,A,2752.0,2008
ITD,DEP_ESER,1,A,2736.0,2012
ITD,DEP_ESER,2,A,839.0,1999
ITD,DEP_ESER,2,A,1021.0,2005
ITD,DEP_ESER,2,A,1109.0,2008
ITD,DEP_ESER,2,A,1156.0,2012
ITD,DEP_ESER,3,A,425.0,1999
ITD,DEP_ESER,3,A,487.0,2005
ITD,DEP_ESER,3,A,514.0,2008
ITD,DEP_ESER,3,A,473.0,2012
ITD,DEP_ESER,9,A,2898.0,1999
ITD,DEP_ESER,9,A,3781.0,2005
ITD,DEP_ESER,9,A,4375.0,2008
ITD,DEP_ESER,9,A,4365.0,2012
ITD1,AES_EFF,1,A,29635.0,1999
ITD1,AES_EFF,1,A,2365.0,2005
ITD1,AES_EFF,1,A,2655.0,2008
ITD1,AES_EFF,1,A,1.0,2012
ITD1,AES_EFF,2,A,66639.0,1999
ITD1,AES_EFF,2,A,93058.0,2005
ITD1,AES_EFF,2,A,99415.0,2008
ITD1,AES_EFF,2,A,112.0,2012
ITD1,AES_EFF,3,A,1083343.0,1999
ITD1,AES_EFF,3,A,1417456.0,2005
ITD1,AES_EFF,3,A,1501035.0,2008
ITD1,AES_EFF,3,A,1475.0,2012
ITD1,AES_EFF,9,A,1179617.0,1999
ITD1,AES_EFF,9,A,1512879.0,2005
ITD1,AES_EFF,9,A,1603105.0,2008
ITD1,AES_EFF,9,A,1589.0,2012
ITD1,DEP_ESER,1,A,31.0,1999
ITD1,DEP_ESER,1,A,6.0,2005
ITD1,DEP_ESER,1,A,3.0,2008
ITD1,DEP_ESER,1,A,2.0,2012
ITD1,DEP_ESER,2,A,24.0,1999
ITD1,DEP_ESER,2,A,30.0,2005
ITD1,DEP_ESER,2,A,35.0,2008
ITD1,DEP_ESER,2,A,36.0,2012
ITD1,DEP_ESER,3,A,15.0,1999
ITD1,DEP_ESER,3,A,18.0,2005
ITD1,DEP_ESER,3,A,20.0,2008
ITD1,DEP_ESER,3,A,18.0,2012
ITD1,DEP_ESER,9,A,70.0,1999
ITD1,DEP_ESER,9,A,54.0,2005
ITD1,DEP_ESER,9,A,58.0,2008
ITD1,DEP_ESER,9,A,56.0,2012
ITD2,AES_EFF,1,A,57789.0,1999
ITD2,AES_EFF,1,A,65480.0,2005
ITD2,AES_EFF,1,A,61135.0,2008
ITD2,AES_EFF,1,A,45.0,2012
ITD2,AES_EFF,2,A,17661.0,1999
ITD2,AES_EFF,2,A,18986.0,2005
ITD2,AES_EFF,2,A,21087.0,2008
ITD2,AES_EFF,2,A,19.0,2012
ITD2,AES_EFF,3,A,791132.0,1999
ITD2,AES_EFF,3,A,883794.0,2005
ITD2,AES_EFF,3,A,891156.0,2008
ITD2,AES_EFF,3,A,677.0,2012
ITD2,AES_EFF,9,A,866582.0,1999
ITD2,AES_EFF,9,A,968260.0,2005
ITD2,AES_EFF,9,A,973377.0,2008
ITD2,AES_EFF,9,A,741.0,2012
ITD2,DEP_ESER,1,A,124.0,1999
ITD2,DEP_ESER,1,A,146.0,2005
ITD2,DEP_ESER,1,A,163.0,2008
ITD2,DEP_ESER,1,A,137.0,2012
ITD2,DEP_ESER,2,A,15.0,1999
ITD2,DEP_ESER,2,A,16.0,2005
ITD2,DEP_ESER,2,A,18.0,2008
ITD2,DEP_ESER,2,A,16.0,2012
ITD2,DEP_ESER,3,A,47.0,1999
ITD2,DEP_ESER,3,A,57.0,2005
ITD2,DEP_ESER,3,A,56.0,2008
ITD2,DEP_ESER,3,A,57.0,2012
ITD2,DEP_ESER,9,A,186.0,1999
ITD2,DEP_ESER,9,A,219.0,2005
ITD2,DEP_ESER,9,A,237.0,2008
ITD2,DEP_ESER,9,A,210.0,2012
ITD3,AES_EFF,1,A,138821.0,1999
ITD3,AES_EFF,1,A,167174.0,2005
ITD3,AES_EFF,1,A,134859.0,2008
ITD3,AES_EFF,1,A,131.0,2012
ITD3,AES_EFF,2,A,273001.0,1999
ITD3,AES_EFF,2,A,336282.0,2005
ITD3,AES_EFF,2,A,356198.0,2008
ITD3,AES_EFF,2,A,378.0,2012
ITD3,AES_EFF,3,A,5554769.0,1999
ITD3,AES_EFF,3,A,5851626.0,2005
ITD3,AES_EFF,3,A,6127751.0,2008
ITD3,AES_EFF,3,A,5257.0,2012
ITD3,AES_EFF,9,A,5966591.0,1999
ITD3,AES_EFF,9,A,6355082.0,2005
ITD3,AES_EFF,9,A,6618809.0,2008
ITD3,AES_EFF,9,A,5766.0,2012
ITD3,DEP_ESER,1,A,479.0,1999
ITD3,DEP_ESER,1,A,649.0,2005
ITD3,DEP_ESER,1,A,695.0,2008
ITD3,DEP_ESER,1,A,720.0,2012
ITD3,DEP_ESER,2,A,263.0,1999
ITD3,DEP_ESER,2,A,310.0,2005
ITD3,DEP_ESER,2,A,302.0,2008
ITD3,DEP_ESER,2,A,271.0,2012
ITD3,DEP_ESER,3,A,187.0,1999
ITD3,DEP_ESER,3,A,211.0,2005
ITD3,DEP_ESER,3,A,227.0,2008
ITD3,DEP_ESER,3,A,221.0,2012
ITD3,DEP_ESER,9,A,929.0,1999
ITD3,DEP_ESER,9,A,1170.0,2005
ITD3,DEP_ESER,9,A,1224.0,2008
ITD3,DEP_ESER,9,A,1212.0,2012
ITD4,AES_EFF,1,A,87619.0,1999
ITD4,AES_EFF,1,A,101299.0,2005
ITD4,AES_EFF,1,A,119360.0,2008
ITD4,AES_EFF,1,A,123.0,2012
ITD4,AES_EFF,2,A,234610.0,1999
ITD4,AES_EFF,2,A,257057.0,2005
ITD4,AES_EFF,2,A,320028.0,2008
ITD4,AES_EFF,2,A,595.0,2012
ITD4,AES_EFF,3,A,1219067.0,1999
ITD4,AES_EFF,3,A,1306954.0,2005
ITD4,AES_EFF,3,A,1333519.0,2008
ITD4,AES_EFF,3,A,933.0,2012
ITD4,AES_EFF,9,A,1541296.0,1999
ITD4,AES_EFF,9,A,1665310.0,2005
ITD4,AES_EFF,9,A,1772906.0,2008
ITD4,AES_EFF,9,A,1651.0,2012
ITD4,DEP_ESER,1,A,266.0,1999
ITD4,DEP_ESER,1,A,336.0,2005
ITD4,DEP_ESER,1,A,389.0,2008
ITD4,DEP_ESER,1,A,430.0,2012
ITD4,DEP_ESER,2,A,202.0,1999
ITD4,DEP_ESER,2,A,226.0,2005
ITD4,DEP_ESER,2,A,251.0,2008
ITD4,DEP_ESER,2,A,283.0,2012
ITD4,DEP_ESER,3,A,42.0,1999
ITD4,DEP_ESER,3,A,48.0,2005
ITD4,DEP_ESER,3,A,53.0,2008
ITD4,DEP_ESER,3,A,45.0,2012
ITD4,DEP_ESER,9,A,510.0,1999
ITD4,DEP_ESER,9,A,610.0,2005
ITD4,DEP_ESER,9,A,693.0,2008
ITD4,DEP_ESER,9,A,758.0,2012
ITD5,AES_EFF,1,A,152285.0,1999
ITD5,AES_EFF,1,A,201678.0,2005
ITD5,AES_EFF,1,A,185642.0,2008
ITD5,AES_EFF,1,A,162.0,2012
ITD5,AES_EFF,2,A,466147.0,1999
ITD5,AES_EFF,2,A,583266.0,2005
ITD5,AES_EFF,2,A,670978.0,2008
ITD5,AES_EFF,2,A,1026.0,2012
ITD5,AES_EFF,3,A,5056870.0,1999
ITD5,AES_EFF,3,A,5029663.0,2005
ITD5,AES_EFF,3,A,5339758.0,2008
ITD5,AES_EFF,3,A,4950.0,2012
ITD5,AES_EFF,9,A,5675302.0,1999
ITD5,AES_EFF,9,A,5814607.0,2005
ITD5,AES_EFF,9,A,6196378.0,2008
ITD5,AES_EFF,9,A,6138.0,2012
ITD5,DEP_ESER,1,A,734.0,1999
ITD5,DEP_ESER,1,A,1136.0,2005
ITD5,DEP_ESER,1,A,1502.0,2008
ITD5,DEP_ESER,1,A,1447.0,2012
ITD5,DEP_ESER,2,A,335.0,1999
ITD5,DEP_ESER,2,A,439.0,2005
ITD5,DEP_ESER,2,A,503.0,2008
ITD5,DEP_ESER,2,A,550.0,2012
ITD5,DEP_ESER,3,A,134.0,1999
ITD5,DEP_ESER,3,A,153.0,2005
ITD5,DEP_ESER,3,A,158.0,2008
ITD5,DEP_ESER,3,A,132.0,2012
ITD5,DEP_ESER,9,A,1203.0,1999
ITD5,DEP_ESER,9,A,1728.0,2005
ITD5,DEP_ESER,9,A,2163.0,2008
ITD5,DEP_ESER,9,A,2129.0,2012
ITDA,AES_EFF,1,A,87424.0,1999
ITDA,AES_EFF,1,A,67845.0,2005
ITDA,AES_EFF,1,A,63790.0,2008
ITDA,AES_EFF,1,A,46.0,2012
ITDA,AES_EFF,2,A,84300.0,1999
ITDA,AES_EFF,2,A,112044.0,2005
ITDA,AES_EFF,2,A,120502.0,2008
ITDA,AES_EFF,2,A,132.0,2012
ITDA,AES_EFF,3,A,1874475.0,1999
ITDA,AES_EFF,3,A,2301250.0,2005
ITDA,AES_EFF,3,A,2392191.0,2008
ITDA,AES_EFF,3,A,2152.0,2012
ITDA,AES_EFF,9,A,2046199.0,1999
ITDA,AES_EFF,9,A,2481139.0,2005
ITDA,AES_EFF,9,A,2576482.0,2008
ITDA,AES_EFF,9,A,2330.0,2012
ITDA,DEP_ESER,1,A,155.0,1999
ITDA,DEP_ESER,1,A,152.0,2005
ITDA,DEP_ESER,1,A,166.0,2008
ITDA,DEP_ESER,1,A,139.0,2012
ITDA,DEP_ESER,2,A,39.0,1999
ITDA,DEP_ESER,2,A,46.0,2005
ITDA,DEP_ESER,2,A,53.0,2008
ITDA,DEP_ESER,2,A,52.0,2012
ITDA,DEP_ESER,3,A,62.0,1999
ITDA,DEP_ESER,3,A,75.0,2005
ITDA,DEP_ESER,3,A,76.0,2008
ITDA,DEP_ESER,3,A,75.0,2012
ITDA,DEP_ESER,9,A,256.0,1999
ITDA,DEP_ESER,9,A,273.0,2005
ITDA,DEP_ESER,9,A,295.0,2008
ITDA,DEP_ESER,9,A,266.0,2012
ITE,AES_EFF,1,A,166646.0,1999
ITE,AES_EFF,1,A,302765.0,2005
ITE,AES_EFF,1,A,422173.0,2008
ITE,AES_EFF,1,A,375.0,2012
ITE,AES_EFF,2,A,4873680.0,1999
ITE,AES_EFF,2,A,5313530.0,2005
ITE,AES_EFF,2,A,5560626.0,2008
ITE,AES_EFF,2,A,7568.0,2012
ITE,AES_EFF,3,A,7576726.0,1999
ITE,AES_EFF,3,A,9201727.0,2005
ITE,AES_EFF,3,A,9768770.0,2008
ITE,AES_EFF,3,A,6953.0,2012
ITE,AES_EFF,9,A,12617051.0,1999
ITE,AES_EFF,9,A,14818022.0,2005
ITE,AES_EFF,9,A,15751569.0,2008
ITE,AES_EFF,9,A,14896.0,2012
ITE,DEP_ESER,1,A,650.0,1999
ITE,DEP_ESER,1,A,1197.0,2005
ITE,DEP_ESER,1,A,1452.0,2008
ITE,DEP_ESER,1,A,1747.0,2012
ITE,DEP_ESER,2,A,1015.0,1999
ITE,DEP_ESER,2,A,1270.0,2005
ITE,DEP_ESER,2,A,1482.0,2008
ITE,DEP_ESER,2,A,1554.0,2012
ITE,DEP_ESER,3,A,244.0,1999
ITE,DEP_ESER,3,A,311.0,2005
ITE,DEP_ESER,3,A,330.0,2008
ITE,DEP_ESER,3,A,353.0,2012
ITE,DEP_ESER,9,A,1909.0,1999
ITE,DEP_ESER,9,A,2778.0,2005
ITE,DEP_ESER,9,A,3264.0,2008
ITE,DEP_ESER,9,A,3654.0,2012
ITE1,AES_EFF,1,A,71417.0,1999
ITE1,AES_EFF,1,A,156722.0,2005
ITE1,AES_EFF,1,A,181232.0,2008
ITE1,AES_EFF,1,A,106.0,2012
ITE1,AES_EFF,2,A,1327628.0,1999
ITE1,AES_EFF,2,A,1397210.0,2005
ITE1,AES_EFF,2,A,1420737.0,2008
ITE1,AES_EFF,2,A,1505.0,2012
ITE1,AES_EFF,3,A,4535853.0,1999
ITE1,AES_EFF,3,A,5396624.0,2005
ITE1,AES_EFF,3,A,5765902.0,2008
ITE1,AES_EFF,3,A,4703.0,2012
ITE1,AES_EFF,9,A,5934897.0,1999
ITE1,AES_EFF,9,A,6950555.0,2005
ITE1,AES_EFF,9,A,7367871.0,2008
ITE1,AES_EFF,9,A,6314.0,2012
ITE1,DEP_ESER,1,A,242.0,1999
ITE1,DEP_ESER,1,A,490.0,2005
ITE1,DEP_ESER,1,A,494.0,2008
ITE1,DEP_ESER,1,A,573.0,2012
ITE1,DEP_ESER,2,A,335.0,1999
ITE1,DEP_ESER,2,A,418.0,2005
ITE1,DEP_ESER,2,A,479.0,2008
ITE1,DEP_ESER,2,A,518.0,2012
ITE1,DEP_ESER,3,A,116.0,1999
ITE1,DEP_ESER,3,A,140.0,2005
ITE1,DEP_ESER,3,A,149.0,2008
ITE1,DEP_ESER,3,A,184.0,2012
ITE1,DEP_ESER,9,A,693.0,1999
ITE1,DEP_ESER,9,A,1048.0,2005
ITE1,DEP_ESER,9,A,1122.0,2008
ITE1,DEP_ESER,9,A,1275.0,2012
ITE2,AES_EFF,1,A,24026.0,1999
ITE2,AES_EFF,1,A,55557.0,2005
ITE2,AES_EFF,1,A,56282.0,2008
ITE2,AES_EFF,1,A,76.0,2012
ITE2,AES_EFF,2,A,82304.0,1999
ITE2,AES_EFF,2,A,131071.0,2005
ITE2,AES_EFF,2,A,151179.0,2008
ITE2,AES_EFF,2,A,209.0,2012
ITE2,AES_EFF,3,A,438594.0,1999
ITE2,AES_EFF,3,A,872664.0,2005
ITE2,AES_EFF,3,A,882165.0,2008
ITE2,AES_EFF,3,A,895.0,2012
ITE2,AES_EFF,9,A,544924.0,1999
ITE2,AES_EFF,9,A,1059292.0,2005
ITE2,AES_EFF,9,A,1089626.0,2008
ITE2,AES_EFF,9,A,1181.0,2012
ITE2,DEP_ESER,1,A,189.0,1999
ITE2,DEP_ESER,1,A,447.0,2005
ITE2,DEP_ESER,1,A,454.0,2008
ITE2,DEP_ESER,1,A,628.0,2012
ITE2,DEP_ESER,2,A,136.0,1999
ITE2,DEP_ESER,2,A,230.0,2005
ITE2,DEP_ESER,2,A,233.0,2008
ITE2,DEP_ESER,2,A,248.0,2012
ITE2,DEP_ESER,3,A,24.0,1999
ITE2,DEP_ESER,3,A,53.0,2005
ITE2,DEP_ESER,3,A,53.0,2008
ITE2,DEP_ESER,3,A,44.0,2012
ITE2,DEP_ESER,9,A,349.0,1999
ITE2,DEP_ESER,9,A,730.0,2005
ITE2,DEP_ESER,9,A,740.0,2008
ITE2,DEP_ESER,9,A,920.0,2012
ITE3,AES_EFF,1,A,35045.0,1999
ITE3,AES_EFF,1,A,45631.0,2005
ITE3,AES_EFF,1,A,86934.0,2008
ITE3,AES_EFF,1,A,44.0,2012
ITE3,AES_EFF,2,A,422739.0,1999
ITE3,AES_EFF,2,A,521628.0,2005
ITE3,AES_EFF,2,A,598329.0,2008
ITE3,AES_EFF,2,A,461.0,2012
ITE3,AES_EFF,3,A,746589.0,1999
ITE3,AES_EFF,3,A,819294.0,2005
ITE3,AES_EFF,3,A,837557.0,2008
ITE3,AES_EFF,3,A,893.0,2012
ITE3,AES_EFF,9,A,1204373.0,1999
ITE3,AES_EFF,9,A,1386553.0,2005
ITE3,AES_EFF,9,A,1522820.0,2008
ITE3,AES_EFF,9,A,1398.0,2012
ITE3,DEP_ESER,1,A,148.0,1999
ITE3,DEP_ESER,1,A,172.0,2005
ITE3,DEP_ESER,1,A,394.0,2008
ITE3,DEP_ESER,1,A,427.0,2012
ITE3,DEP_ESER,2,A,183.0,1999
ITE3,DEP_ESER,2,A,212.0,2005
ITE3,DEP_ESER,2,A,321.0,2008
ITE3,DEP_ESER,2,A,322.0,2012
ITE3,DEP_ESER,3,A,28.0,1999
ITE3,DEP_ESER,3,A,35.0,2005
ITE3,DEP_ESER,3,A,42.0,2008
ITE3,DEP_ESER,3,A,63.0,2012
ITE3,DEP_ESER,9,A,359.0,1999
ITE3,DEP_ESER,9,A,419.0,2005
ITE3,DEP_ESER,9,A,757.0,2008
ITE3,DEP_ESER,9,A,812.0,2012
ITE4,AES_EFF,1,A,36158.0,1999
ITE4,AES_EFF,1,A,44855.0,2005
ITE4,AES_EFF,1,A,97725.0,2008
ITE4,AES_EFF,1,A,148.0,2012
ITE4,AES_EFF,2,A,3041009.0,1999
ITE4,AES_EFF,2,A,3263622.0,2005
ITE4,AES_EFF,2,A,3390381.0,2008
ITE4,AES_EFF,2,A,5393.0,2012
ITE4,AES_EFF,3,A,1855690.0,1999
ITE4,AES_EFF,3,A,2113145.0,2005
ITE4,AES_EFF,3,A,2283146.0,2008
ITE4,AES_EFF,3,A,462.0,2012
ITE4,AES_EFF,9,A,4932857.0,1999
ITE4,AES_EFF,9,A,5421622.0,2005
ITE4,AES_EFF,9,A,5771252.0,2008
ITE4,AES_EFF,9,A,6003.0,2012
ITE4,DEP_ESER,1,A,71.0,1999
ITE4,DEP_ESER,1,A,88.0,2005
ITE4,DEP_ESER,1,A,110.0,2008
ITE4,DEP_ESER,1,A,119.0,2012
ITE4,DEP_ESER,2,A,361.0,1999
ITE4,DEP_ESER,2,A,410.0,2005
ITE4,DEP_ESER,2,A,449.0,2008
ITE4,DEP_ESER,2,A,466.0,2012
ITE4,DEP_ESER,3,A,76.0,1999
ITE4,DEP_ESER,3,A,83.0,2005
ITE4,DEP_ESER,3,A,86.0,2008
ITE4,DEP_ESER,3,A,62.0,2012
ITE4,DEP_ESER,9,A,508.0,1999
ITE4,DEP_ESER,9,A,581.0,2005
ITE4,DEP_ESER,9,A,645.0,2008
ITE4,DEP_ESER,9,A,647.0,2012
ITF,AES_EFF,1,A,440872.0,1999
ITF,AES_EFF,1,A,413550.0,2005
ITF,AES_EFF,1,A,499096.0,2008
ITF,AES_EFF,1,A,780.0,2012
ITF,AES_EFF,2,A,6909703.0,1999
ITF,AES_EFF,2,A,8219005.0,2005
ITF,AES_EFF,2,A,8484456.0,2008
ITF,AES_EFF,2,A,7338.0,2012
ITF,AES_EFF,3,A,6596153.0,1999
ITF,AES_EFF,3,A,7181163.0,2005
ITF,AES_EFF,3,A,7840894.0,2008
ITF,AES_EFF,3,A,8312.0,2012
ITF,AES_EFF,9,A,13946729.0,1999
ITF,AES_EFF,9,A,15813718.0,2005
ITF,AES_EFF,9,A,16824445.0,2008
ITF,AES_EFF,9,A,16429.0,2012
ITF,DEP_ESER,1,A,795.0,1999
ITF,DEP_ESER,1,A,832.0,2005
ITF,DEP_ESER,1,A,907.0,2008
ITF,DEP_ESER,1,A,1339.0,2012
ITF,DEP_ESER,2,A,860.0,1999
ITF,DEP_ESER,2,A,1051.0,2005
ITF,DEP_ESER,2,A,1165.0,2008
ITF,DEP_ESER,2,A,1117.0,2012
ITF,DEP_ESER,3,A,262.0,1999
ITF,DEP_ESER,3,A,320.0,2005
ITF,DEP_ESER,3,A,359.0,2008
ITF,DEP_ESER,3,A,419.0,2012
ITF,DEP_ESER,9,A,1917.0,1999
ITF,DEP_ESER,9,A,2203.0,2005
ITF,DEP_ESER,9,A,2431.0,2008
ITF,DEP_ESER,9,A,2875.0,2012
ITF1,AES_EFF,1,A,107180.0,1999
ITF1,AES_EFF,1,A,123006.0,2005
ITF1,AES_EFF,1,A,167138.0,2008
ITF1,AES_EFF,1,A,123.0,2012
ITF1,AES_EFF,2,A,417599.0,1999
ITF1,AES_EFF,2,A,476442.0,2005
ITF1,AES_EFF,2,A,529474.0,2008
ITF1,AES_EFF,2,A,1140.0,2012
ITF1,AES_EFF,3,A,767163.0,1999
ITF1,AES_EFF,3,A,780375.0,2005
ITF1,AES_EFF,3,A,798214.0,2008
ITF1,AES_EFF,3,A,468.0,2012
ITF1,AES_EFF,9,A,1291942.0,1999
ITF1,AES_EFF,9,A,1379823.0,2005
ITF1,AES_EFF,9,A,1494826.0,2008
ITF1,AES_EFF,9,A,1732.0,2012
ITF1,DEP_ESER,1,A,625.0,1999
ITF1,DEP_ESER,1,A,635.0,2005
ITF1,DEP_ESER,1,A,654.0,2008
ITF1,DEP_ESER,1,A,997.0,2012
ITF1,DEP_ESER,2,A,188.0,1999
ITF1,DEP_ESER,2,A,201.0,2005
ITF1,DEP_ESER,2,A,224.0,2008
ITF1,DEP_ESER,2,A,348.0,2012
ITF1,DEP_ESER,3,A,32.0,1999
ITF1,DEP_ESER,3,A,35.0,2005
ITF1,DEP_ESER,3,A,40.0,2008
ITF1,DEP_ESER,3,A,23.0,2012
ITF1,DEP_ESER,9,A,845.0,1999
ITF1,DEP_ESER,9,A,871.0,2005
ITF1,DEP_ESER,9,A,918.0,2008
ITF1,DEP_ESER,9,A,1368.0,2012
ITF2,AES_EFF,1,A,4786.0,1999
ITF2,AES_EFF,1,A,7326.0,2005
ITF2,AES_EFF,1,A,17355.0,2008
ITF2,AES_EFF,1,A,32.0,2012
ITF2,AES_EFF,2,A,133043.0,1999
ITF2,AES_EFF,2,A,152955.0,2005
ITF2,AES_EFF,2,A,158173.0,2008
ITF2,AES_EFF,2,A,179.0,2012
ITF2,AES_EFF,3,A,304038.0,1999
ITF2,AES_EFF,3,A,315104.0,2005
ITF2,AES_EFF,3,A,342270.0,2008
ITF2,AES_EFF,3,A,271.0,2012
ITF2,AES_EFF,9,A,441867.0,1999
ITF2,AES_EFF,9,A,475385.0,2005
ITF2,AES_EFF,9,A,517798.0,2008
ITF2,AES_EFF,9,A,481.0,2012
ITF2,DEP_ESER,1,A,5.0,1999
ITF2,DEP_ESER,1,A,10.0,2005
ITF2,DEP_ESER,1,A,26.0,2008
ITF2,DEP_ESER,1,A,33.0,2012
ITF2,DEP_ESER,2,A,113.0,1999
ITF2,DEP_ESER,2,A,130.0,2005
ITF2,DEP_ESER,2,A,149.0,2008
ITF2,DEP_ESER,2,A,147.0,2012
ITF2,DEP_ESER,3,A,26.0,1999
ITF2,DEP_ESER,3,A,28.0,2005
ITF2,DEP_ESER,3,A,40.0,2008
ITF2,DEP_ESER,3,A,25.0,2012
ITF2,DEP_ESER,9,A,144.0,1999
ITF2,DEP_ESER,9,A,168.0,2005
ITF2,DEP_ESER,9,A,215.0,2008
ITF2,DEP_ESER,9,A,205.0,2012
ITF3,AES_EFF,1,A,118053.0,1999
ITF3,AES_EFF,1,A,120461.0,2005
ITF3,AES_EFF,1,A,101459.0,2008
ITF3,AES_EFF,1,A,235.0,2012
ITF3,AES_EFF,2,A,4255373.0,1999
ITF3,AES_EFF,2,A,4880667.0,2005
ITF3,AES_EFF,2,A,4876539.0,2008
ITF3,AES_EFF,2,A,3891.0,2012
ITF3,AES_EFF,3,A,2729310.0,1999
ITF3,AES_EFF,3,A,2571776.0,2005
ITF3,AES_EFF,3,A,2925655.0,2008
ITF3,AES_EFF,3,A,2369.0,2012
ITF3,AES_EFF,9,A,7102737.0,1999
ITF3,AES_EFF,9,A,7572904.0,2005
ITF3,AES_EFF,9,A,7903653.0,2008
ITF3,AES_EFF,9,A,6495.0,2012
ITF3,DEP_ESER,1,A,71.0,1999
ITF3,DEP_ESER,1,A,74.0,2005
ITF3,DEP_ESER,1,A,94.0,2008
ITF3,DEP_ESER,1,A,146.0,2012
ITF3,DEP_ESER,2,A,242.0,1999
ITF3,DEP_ESER,2,A,261.0,2005
ITF3,DEP_ESER,2,A,302.0,2008
ITF3,DEP_ESER,2,A,283.0,2012
ITF3,DEP_ESER,3,A,68.0,1999
ITF3,DEP_ESER,3,A,79.0,2005
ITF3,DEP_ESER,3,A,92.0,2008
ITF3,DEP_ESER,3,A,83.0,2012
ITF3,DEP_ESER,9,A,381.0,1999
ITF3,DEP_ESER,9,A,414.0,2005
ITF3,DEP_ESER,9,A,488.0,2008
ITF3,DEP_ESER,9,A,512.0,2012
ITF4,AES_EFF,1,A,103312.0,1999
ITF4,AES_EFF,1,A,65686.0,2005
ITF4,AES_EFF,1,A,92028.0,2008
ITF4,AES_EFF,1,A,110.0,2012
ITF4,AES_EFF,2,A,1389453.0,1999
ITF4,AES_EFF,2,A,1509492.0,2005
ITF4,AES_EFF,2,A,1510573.0,2008
ITF4,AES_EFF,2,A,659.0,2012
ITF4,AES_EFF,3,A,2192359.0,1999
ITF4,AES_EFF,3,A,2466007.0,2005
ITF4,AES_EFF,3,A,2642766.0,2008
ITF4,AES_EFF,3,A,4047.0,2012
ITF4,AES_EFF,9,A,3685124.0,1999
ITF4,AES_EFF,9,A,4041185.0,2005
ITF4,AES_EFF,9,A,4245368.0,2008
ITF4,AES_EFF,9,A,4816.0,2012
ITF4,DEP_ESER,1,A,13.0,1999
ITF4,DEP_ESER,1,A,10.0,2005
ITF4,DEP_ESER,1,A,9.0,2008
ITF4,DEP_ESER,1,A,10.0,2012
ITF4,DEP_ESER,2,A,87.0,1999
ITF4,DEP_ESER,2,A,94.0,2005
ITF4,DEP_ESER,2,A,85.0,2008
ITF4,DEP_ESER,2,A,26.0,2012
ITF4,DEP_ESER,3,A,89.0,1999
ITF4,DEP_ESER,3,A,97.0,2005
ITF4,DEP_ESER,3,A,97.0,2008
ITF4,DEP_ESER,3,A,154.0,2012
ITF4,DEP_ESER,9,A,189.0,1999
ITF4,DEP_ESER,9,A,201.0,2005
ITF4,DEP_ESER,9,A,191.0,2008
ITF4,DEP_ESER,9,A,190.0,2012
ITF5,AES_EFF,1,A,18410.0,1999
ITF5,AES_EFF,1,A,2110.0,2005
ITF5,AES_EFF,1,A,33933.0,2008
ITF5,AES_EFF,1,A,9.0,2012
ITF5,AES_EFF,2,A,114210.0,1999
ITF5,AES_EFF,2,A,224078.0,2005
ITF5,AES_EFF,2,A,241265.0,2008
ITF5,AES_EFF,2,A,175.0,2012
ITF5,AES_EFF,3,A,207405.0,1999
ITF5,AES_EFF,3,A,340919.0,2005
ITF5,AES_EFF,3,A,356180.0,2008
ITF5,AES_EFF,3,A,433.0,2012
ITF5,AES_EFF,9,A,340025.0,1999
ITF5,AES_EFF,9,A,567107.0,2005
ITF5,AES_EFF,9,A,631378.0,2008
ITF5,AES_EFF,9,A,617.0,2012
ITF5,DEP_ESER,1,A,5.0,1999
ITF5,DEP_ESER,1,A,7.0,2005
ITF5,DEP_ESER,1,A,23.0,2008
ITF5,DEP_ESER,1,A,4.0,2012
ITF5,DEP_ESER,2,A,71.0,1999
ITF5,DEP_ESER,2,A,144.0,2005
ITF5,DEP_ESER,2,A,150.0,2008
ITF5,DEP_ESER,2,A,82.0,2012
ITF5,DEP_ESER,3,A,11.0,1999
ITF5,DEP_ESER,3,A,25.0,2005
ITF5,DEP_ESER,3,A,25.0,2008
ITF5,DEP_ESER,3,A,88.0,2012
ITF5,DEP_ESER,9,A,87.0,1999
ITF5,DEP_ESER,9,A,176.0,2005
ITF5,DEP_ESER,9,A,198.0,2008
ITF5,DEP_ESER,9,A,174.0,2012
ITF6,AES_EFF,1,A,89131.0,1999
ITF6,AES_EFF,1,A,94961.0,2005
ITF6,AES_EFF,1,A,87183.0,2008
ITF6,AES_EFF,1,A,270.0,2012
ITF6,AES_EFF,2,A,600026.0,1999
ITF6,AES_EFF,2,A,975371.0,2005
ITF6,AES_EFF,2,A,1168431.0,2008
ITF6,AES_EFF,2,A,1294.0,2012
ITF6,AES_EFF,3,A,395878.0,1999
ITF6,AES_EFF,3,A,706982.0,2005
ITF6,AES_EFF,3,A,775808.0,2008
ITF6,AES_EFF,3,A,724.0,2012
ITF6,AES_EFF,9,A,1085034.0,1999
ITF6,AES_EFF,9,A,1777314.0,2005
ITF6,AES_EFF,9,A,2031422.0,2008
ITF6,AES_EFF,9,A,2288.0,2012
ITF6,DEP_ESER,1,A,76.0,1999
ITF6,DEP_ESER,1,A,96.0,2005
ITF6,DEP_ESER,1,A,101.0,2008
ITF6,DEP_ESER,1,A,149.0,2012
ITF6,DEP_ESER,2,A,159.0,1999
ITF6,DEP_ESER,2,A,221.0,2005
ITF6,DEP_ESER,2,A,255.0,2008
ITF6,DEP_ESER,2,A,231.0,2012
ITF6,DEP_ESER,3,A,36.0,1999
ITF6,DEP_ESER,3,A,56.0,2005
ITF6,DEP_ESER,3,A,65.0,2008
ITF6,DEP_ESER,3,A,46.0,2012
ITF6,DEP_ESER,9,A,271.0,1999
ITF6,DEP_ESER,9,A,373.0,2005
ITF6,DEP_ESER,9,A,421.0,2008
ITF6,DEP_ESER,9,A,426.0,2012
ITG,AES_EFF,1,A,260823.0,1999
ITG,AES_EFF,1,A,280891.0,2005
ITG,AES_EFF,1,A,299619.0,2008
ITG,AES_EFF,1,A,824.0,2012
ITG,AES_EFF,2,A,3125851.0,1999
ITG,AES_EFF,2,A,3338521.0,2005
ITG,AES_EFF,2,A,3634180.0,2008
ITG,AES_EFF,2,A,3382.0,2012
ITG,AES_EFF,3,A,2122986.0,1999
ITG,AES_EFF,3,A,2881340.0,2005
ITG,AES_EFF,3,A,3254909.0,2008
ITG,AES_EFF,3,A,3115.0,2012
ITG,AES_EFF,9,A,5509660.0,1999
ITG,AES_EFF,9,A,6500752.0,2005
ITG,AES_EFF,9,A,7188708.0,2008
ITG,AES_EFF,9,A,7321.0,2012
ITG,DEP_ESER,1,A,66.0,1999
ITG,DEP_ESER,1,A,79.0,2005
ITG,DEP_ESER,1,A,118.0,2008
ITG,DEP_ESER,1,A,171.0,2012
ITG,DEP_ESER,2,A,415.0,1999
ITG,DEP_ESER,2,A,471.0,2005
ITG,DEP_ESER,2,A,549.0,2008
ITG,DEP_ESER,2,A,510.0,2012
ITG,DEP_ESER,3,A,144.0,1999
ITG,DEP_ESER,3,A,182.0,2005
ITG,DEP_ESER,3,A,218.0,2008
ITG,DEP_ESER,3,A,194.0,2012
ITG,DEP_ESER,9,A,625.0,1999
ITG,DEP_ESER,9,A,732.0,2005
ITG,DEP_ESER,9,A,885.0,2008
ITG,DEP_ESER,9,A,875.0,2012
ITG1,AES_EFF,1,A,247884.0,1999
ITG1,AES_EFF,1,A,267212.0,2005
ITG1,AES_EFF,1,A,286586.0,2008
ITG1,AES_EFF,1,A,447.0,2012
ITG1,AES_EFF,2,A,2151925.0,1999
ITG1,AES_EFF,2,A,2239219.0,2005
ITG1,AES_EFF,2,A,2472139.0,2008
ITG1,AES_EFF,2,A,2669.0,2012
ITG1,AES_EFF,3,A,1252072.0,1999
ITG1,AES_EFF,3,A,1377393.0,2005
ITG1,AES_EFF,3,A,1531516.0,2008
ITG1,AES_EFF,3,A,1234.0,2012
ITG1,AES_EFF,9,A,3651881.0,1999
ITG1,AES_EFF,9,A,3883825.0,2005
ITG1,AES_EFF,9,A,4290241.0,2008
ITG1,AES_EFF,9,A,4351.0,2012
ITG1,DEP_ESER,1,A,49.0,1999
ITG1,DEP_ESER,1,A,62.0,2005
ITG1,DEP_ESER,1,A,99.0,2008
ITG1,DEP_ESER,1,A,140.0,2012
ITG1,DEP_ESER,2,A,153.0,1999
ITG1,DEP_ESER,2,A,163.0,2005
ITG1,DEP_ESER,2,A,205.0,2008
ITG1,DEP_ESER,2,A,200.0,2012
ITG1,DEP_ESER,3,A,73.0,1999
ITG1,DEP_ESER,3,A,81.0,2005
ITG1,DEP_ESER,3,A,99.0,2008
ITG1,DEP_ESER,3,A,42.0,2012
ITG1,DEP_ESER,9,A,275.0,1999
ITG1,DEP_ESER,9,A,306.0,2005
ITG1,DEP_ESER,9,A,403.0,2008
ITG1,DEP_ESER,9,A,382.0,2012
ITG2,AES_EFF,1,A,12939.0,1999
ITG2,AES_EFF,1,A,13679.0,2005
ITG2,AES_EFF,1,A,13033.0,2008
ITG2,AES_EFF,1,A,377.0,2012
ITG2,AES_EFF,2,A,973926.0,1999
ITG2,AES_EFF,2,A,1099302.0,2005
ITG2,AES_EFF,2,A,1162041.0,2008
ITG2,AES_EFF,2,A,713.0,2012
ITG2,AES_EFF,3,A,870914.0,1999
ITG2,AES_EFF,3,A,1503947.0,2005
ITG2,AES_EFF,3,A,1723394.0,2008
ITG2,AES_EFF,3,A,1880.0,2012
ITG2,AES_EFF,9,A,1857779.0,1999
ITG2,AES_EFF,9,A,2616928.0,2005
ITG2,AES_EFF,9,A,2898467.0,2008
ITG2,AES_EFF,9,A,2970.0,2012
ITG2,DEP_ESER,1,A,17.0,1999
ITG2,DEP_ESER,1,A,17.0,2005
ITG2,DEP_ESER,1,A,19.0,2008
ITG2,DEP_ESER,1,A,31.0,2012
ITG2,DEP_ESER,2,A,262.0,1999
ITG2,DEP_ESER,2,A,308.0,2005
ITG2,DEP_ESER,2,A,344.0,2008
ITG2,DEP_ESER,2,A,310.0,2012
ITG2,DEP_ESER,3,A,71.0,1999
ITG2,DEP_ESER,3,A,101.0,2005
ITG2,DEP_ESER,3,A,119.0,2008
ITG2,DEP_ESER,3,A,152.0,2012
ITG2,DEP_ESER,9,A,350.0,1999
ITG2,DEP_ESER,9,A,426.0,2005
ITG2,DEP_ESER,9,A,482.0,2008
ITG2,DEP_ESER,9,A,493.0,2012
