name_it,name_en,IND_TYPE_code
consumo di acqua fatturata per uso domestico pro capite,billed water by domestic use per capita,ACQ_FATT_DOM
estensione dell'asfalto fonoassorbente posto in opera (rispetto ai kmq),noise-absorbing asphalt extension (in respect of kmq),ASF
estensione delle barriere antirumore presenti (rispetto ai kmq),noise barriers extension (in respect of kmq),BARR
centraline fisse di monitoraggio della qualità dell'aria (rispetto a 100.000 abitanti),air monitoring stations (in respect of 100.000 inhabitants),CENTRARIA_AB
centraline fisse di monitoraggio della qualità dell'aria (rispetto a 100 kmq),air monitoring stations (in respect of 100 kmq),CENTRARIA
densità di verde urbano della superficie comunale,density of public green areas per municipal areas,DENSVU
popolazione servita da impianti di depurazione delle acque reflue urbane,population connected to urban wastewater treatment plants,DEP_URB
disponibilità di verde urbano pro capite,availability of public green areas per capita,DISPVU
domanda di trasporto pubblico pro capite,demand for public transport per capita,DOM_TPUB
consumo di energia elettrica per uso domestico pro capite,electricity consumption for domestic use per capita,EE_DOM_XAB
consumo di energia elettrica per uso domestico per utenza,electricity consumption for domestic use per invoice,EE_DOM_XUT
potenza dei pannelli solari fotovoltaici installati sugli edifici comunali (rispetto a 1.000 abitanti),power of photovoltaic solar panels installed on municipal buildings (in respect of 1.000 inhabitants),FOTO
consumo di gas metano per uso domestico e riscaldamento pro capite,natural gas consumption for domestic use and heating per capita,GM_DOMRISC_XAB
numero massimo dei superamenti del limite per la protezione della salute umana previsto per il pm10,maximum number of exceedance of the daily limit values for the protection of human health for pm10,MAXSUPPM10
campagne di monitoraggio del rumore (rispetto a 100.000 abitanti),noise monitoring activities (in respect of 100.000 inhabitants),MON
campagne di monitoraggio del rumore con superamento dei limiti sul totale delle campagne effettuate,noise monitoring activities with exceedance of limits in respect of total,MON_LIM
centraline fisse di monitoraggio del rumore (rispetto a 100 kmq),noise monitoring stations (in respect of 100 kmq),NMON
comuni che hanno approvato il piano energetico comunale,municipalities that have approved the municipal energy plan,PEC
comuni con misure di razionamento dell'acqua per uso domestico,municipalities with water rationing for domestic use,RAZ
raccolta differenziata dei rifiuti urbani per i comuni (rispetto agli abitanti),separate collection of municipal waste (in respect of inhabitants),RD_KG
raccolta differenziata dei rifiuti urbani per i comuni,separate collection of municipal waste,RD_PERC
popolazione servita dalla raccolta differenziata,population served by separate collection services,RD_POP
comuni che hanno approvato la relazione biennale sullo stato acustico,municipalities that have approved the biennal report on the acoustical status,REL
comuni che hanno approvato almeno un piano di risanamento acustico,municipalities that have approved at least a noise abatement plan,RIS
raccolta dei rifiuti urbani (rispetto agli abitanti),municipal waste collection (in respect of inhabitants),RU_KG
tasso veicolare (rispetto agli abitanti),vehicle rate (in respect of inhabitants),TASS_V
comuni con presenza di teleriscaldamento,municipalities with presence of district heating,TELE
estensione dei pannelli solari termici installati sugli edifici comunali (rispetto a 1.000 abitanti),size of thermic solar panels installed on municipal buildings (in respect of 1.000 inhabitants),TERM
comuni che hanno approvato la zonizzazione acustica,municipalities that have approved the acoustical zoning,ZON
volume di acqua prelevata per uso potabile,water abstracted for drinkable use,ACQ_PREL
volume di acqua potabilizzata,water abstracted and treated for drinkable use,ACQ_POT
acqua immessa nelle reti comunali di distribuzione dell'acqua potabile,water input to a municipal distribution system,ACQ_IMM
acqua erogata dalle reti comunali di distribuzione dell'acqua potabile,use of water from public water supply,ACQ_EROG
impianti di depurazione delle acque reflue urbane in esercizio,urban wastewater treatment plants in operation,DEP_ESER
abitanti equivalenti effettivi domestici,domestic population equivalent,AES_EFF
carico inquinante potenziale,pollution load of urban wastewater,CAR_INQ_POT
abitanti equivalenti totali urbani (aetu),total urban population equivalent,AETU
abitanti equivalenti totali (aet),total population equivalent,AET
ATO previsti,ATO provided,ATO_PREV
ATO con autorità di ambito insediata,ATO with established authority,ATO_INSED
ATO nei quali è affidato il servizio idrico integrato,ATO in which it is entrushed the integrated water service,ATO_AFFID
ATO nei quali è affidato il servizio idrico integrato con gestori operativi,ATO in which it is entrushed the integrated water service with water management companies in operation,ATO_AFFID_OP
gestori affidatari del servizio idrico integrato,water companies of integrated urban water management,GEST_AFFID
enti gestori dei servizi idrici,water management companies,GEST_GIUR
comuni con gestori del servizio idrico integrato operativi,municipalities with water companies of integrated urban water management in operation,COM_GEST_OP
popolazione residente dei comuni con gestori del servizio idrico integrato operativi,resident population in municipalities with water companies of integrated urban water management in operation,POP_GEST_OP
comuni senza gestori del servizio idrico integrato operativi,municipalities without water companies of integrated urban water management in operation,COM_GEST_NON_OP
popolazione residente dei comuni senza gestori del servizio idrico integrato operativi,resident population in municipalities without water companies of integrated urban water management in operation,POP_GEST_NON_OP
consumo interno lordo,gross inland consumption,CONS_INT_LORDO
impieghi finali,final energy consumption,IMP_FIN
produzione lorda di energia elettrica da fonte rinnovabile,gross electricity production from renewable energy sources,EN_EL_RIN
emissioni atmosferiche,air emissions,AE_T
emissioni atmosferiche - metalli pesanti,air emissions - heavy metals,AEHM_K
intensità di emissione della produzione,emissions intensity of output,EI_TXO
intensità di emissione del valore aggiunto,emissions intensity of value added,EI_TXVA
intensità di emissione dell'occupazione,emissions intensity of employment,EI_TXFTE
intensità di emissione della produzione - metalli pesanti,emissions intensity of output - heavy metals,EIHM_KXO
intensità di emissione del valore aggiunto - metalli pesanti,emissions intensity of value added - heavy metals,EIHM_KXVA
intensità di emissione dell'occupazione - metalli pesanti,emissions intensity of employment - heavy metals,EIHM_KXFTE
spesa delle famiglie per consumi finali,households'  final consumption expenditure,HC
imposte ambientali,environmental taxes,ENVTX
IMD - (a+b) input materiale diretto,DMI - (a+b) direct material input,DMI
estrazione interna di materiali utilizzati  (a),used material domestic extraction (a),UMDEXT
input diretti di materiali dall'estero  (b),direct input of materials from the rest of the world (b),IWORLD
CMI - (IMD-c) consumo materiale interno,DMC - (DMI-c) direct material consumption (thousands of tons),DMC
output diretti di materiali verso l'estero  (c),direct output of materials to the rest of the world (c),OWORLD
BCF - (b-c) bilancia commerciale fisica,PTB - (b-c) physical trade balance,PTB
