REF_AREA_code,IND_TYPE_code,USO_ENERGIA_code,FREQ_code,VALUE,date
ITC4B,EE_DOM_XAB,1,A,1259.0,2000
ITC4B,EE_DOM_XAB,1,A,1275.0,2001
ITC4B,EE_DOM_XAB,1,A,1278.0,2002
ITC4B,EE_DOM_XAB,1,A,1342.0,2003
ITC4B,EE_DOM_XAB,1,A,1362.0,2004
ITC4B,EE_DOM_XAB,1,A,1259.0,2005
ITC4B,EE_DOM_XAB,1,A,1312.0,2006
ITC4B,EE_DOM_XAB,1,A,1295.0,2007
ITC4B,EE_DOM_XAB,1,A,1336.0,2008
ITC4B,EE_DOM_XAB,1,A,1339.0,2009
ITC4B,EE_DOM_XAB,1,A,1327.0,2010
ITC4B,EE_DOM_XAB,1,A,1315.0,2011
ITC4B,EE_DOM_XAB,1,A,1294.0,2012
ITC4B,EE_DOM_XUT,1,A,2352.0,2000
ITC4B,EE_DOM_XUT,1,A,2275.0,2001
ITC4B,EE_DOM_XUT,1,A,2364.0,2002
ITC4B,EE_DOM_XUT,1,A,2396.0,2003
ITC4B,EE_DOM_XUT,1,A,2422.0,2004
ITC4B,EE_DOM_XUT,1,A,2249.0,2005
ITC4B,EE_DOM_XUT,1,A,2322.0,2006
ITC4B,EE_DOM_XUT,1,A,2278.0,2007
ITC4B,EE_DOM_XUT,1,A,2322.0,2008
ITC4B,EE_DOM_XUT,1,A,2324.0,2009
ITC4B,EE_DOM_XUT,1,A,2312.0,2010
ITC4B,EE_DOM_XUT,1,A,2289.0,2011
ITC4B,EE_DOM_XUT,1,A,2253.0,2012
ITC4B,GM_DOMRISC_XAB,7,A,583.0,2000
ITC4B,GM_DOMRISC_XAB,7,A,573.0,2001
ITC4B,GM_DOMRISC_XAB,7,A,571.0,2002
ITC4B,GM_DOMRISC_XAB,7,A,606.0,2003
ITC4B,GM_DOMRISC_XAB,7,A,618.0,2004
ITC4B,GM_DOMRISC_XAB,7,A,646.0,2005
ITC4B,GM_DOMRISC_XAB,7,A,685.0,2006
ITC4B,GM_DOMRISC_XAB,7,A,676.0,2007
ITC4B,GM_DOMRISC_XAB,7,A,679.0,2008
ITC4B,GM_DOMRISC_XAB,7,A,705.0,2009
ITC4B,GM_DOMRISC_XAB,7,A,738.0,2010
ITC4B,GM_DOMRISC_XAB,7,A,701.0,2011
