<?xml version="1.0" encoding="utf-8"?>
<dspl xmlns="http://schemas.google.com/dspl/2010" xmlns:entity="http://www.google.com/publicdata/dataset/google/entity" xmlns:metrics="http://www.google.com/publicdata/dataset/metrics" xmlns:quantity="http://www.google.com/publicdata/dataset/google/quantity" xmlns:geo="http://www.google.com/publicdata/dataset/google/geo" xmlns:time="http://www.google.com/publicdata/dataset/google/time">
  <import namespace="http://www.google.com/publicdata/dataset/google/time" />
  <import namespace="http://www.google.com/publicdata/dataset/google/quantity" />
  <import namespace="http://www.google.com/publicdata/dataset/google/entity" />
  <import namespace="http://www.google.com/publicdata/dataset/google/geo" />
  <import namespace="http://www.google.com/publicdata/dataset/metrics" />
  <info>
    <name>
      <value xml:lang="en">Energy consumption</value>
      <value xml:lang="it">Consumo di energia</value>
    </name>
    <description>
      <value xml:lang="en">DS_ENERGY_ITC4B</value>
      <value xml:lang="it">DS_ENERGY_ITC4B</value>
    </description>
    <url>
      <value xml:lang="en">http:\\www.istat.it</value>
      <value xml:lang="it">http:\\www.istat.it</value>
    </url>
  </info>
  <provider>
    <name>
      <value xml:lang="en">Energy consumption</value>
      <value xml:lang="it">Consumo di energia</value>
    </name>
    <url>
      <value xml:lang="en">http:\\www.istat.it</value>
      <value xml:lang="it">http:\\www.istat.it</value>
    </url>
  </provider>
  <topics>
    <topic id="Consumo_di_energia_">
      <info>
        <name>
          <value xml:lang="en">Energy consumption</value>
          <value xml:lang="it">Consumo di energia</value>
        </name>
      </info>
    </topic>
  </topics>
  <concepts>
    <concept id="VALUE">
      <info>
        <name>
          <value xml:lang="en">Energy consumption</value>
          <value xml:lang="it">Consumo di energia</value>
        </name>
        <description>
          <value xml:lang="" />
        </description>
        <url>
          <value xml:lang="en" />
          <value xml:lang="it" />
        </url>
      </info>
      <type ref="float" />
    </concept>
    <concept id="FREQ_code" extends="entity:entity">
      <info>
        <name>
          <value xml:lang="it">Periodicità</value>
          <value xml:lang="en">Frequency</value>
        </name>
        <description>
          <value xml:lang="" />
        </description>
        <url>
          <value xml:lang="it" />
          <value xml:lang="en" />
        </url>
      </info>
      <type ref="string" />
      <table ref="FREQ">
        <mapProperty ref="name" xml:lang="it" toColumn="name_it" />
        <mapProperty ref="name" xml:lang="en" toColumn="name_en" />
      </table>
    </concept>
    <concept id="REF_AREA_code" extends="geo:location">
      <info>
        <name>
          <value xml:lang="it">Provincie della Lombardia</value>
          <value xml:lang="en">Lombardia Provinces</value>
        </name>
        <description>
          <value xml:lang="" />
        </description>
        <url>
          <value xml:lang="it" />
          <value xml:lang="en" />
        </url>
      </info>
      <type ref="string" />
      <property id="parent" concept="REF_AREA_code" isParent="true" />
      <table ref="REF_AREA">
        <mapProperty ref="name" xml:lang="it" toColumn="name_it" />
        <mapProperty ref="name" xml:lang="en" toColumn="name_en" />
      </table>
    </concept>
    <concept id="IND_TYPE_code" extends="entity:entity">
      <info>
        <name>
          <value xml:lang="it">Indicatori Ambiente ed Energia</value>
          <value xml:lang="en">Environment and energy indicators</value>
        </name>
        <description>
          <value xml:lang="it">i codici:ENVTXEUR, ENVTXPER, ENVTXTSC, ENVTXGDP sono stati riuniti in uno solo: ENVTX</value>
        </description>
        <url>
          <value xml:lang="it" />
          <value xml:lang="en" />
        </url>
      </info>
      <type ref="string" />
      <table ref="IND_TYPE">
        <mapProperty ref="name" xml:lang="it" toColumn="name_it" />
        <mapProperty ref="name" xml:lang="en" toColumn="name_en" />
      </table>
    </concept>
    <concept id="USO_ENERGIA_code" extends="entity:entity">
      <info>
        <name>
          <value xml:lang="it">Uso energia</value>
          <value xml:lang="en">Use of energy</value>
        </name>
        <description>
          <value xml:lang="" />
        </description>
        <url>
          <value xml:lang="it" />
          <value xml:lang="en" />
        </url>
      </info>
      <type ref="string" />
      <table ref="USO_ENERGIA">
        <mapProperty ref="name" xml:lang="it" toColumn="name_it" />
        <mapProperty ref="name" xml:lang="en" toColumn="name_en" />
      </table>
    </concept>
  </concepts>
  <slices>
    <slice id="DATI">
      <dimension concept="FREQ_code" />
      <dimension concept="REF_AREA_code" />
      <dimension concept="IND_TYPE_code" />
      <dimension concept="USO_ENERGIA_code" />
      <dimension concept="time:year" />
      <metric concept="VALUE" />
      <table ref="DATI_TBL">
        <mapDimension concept="time:year" toColumn="date" />
      </table>
    </slice>
  </slices>
  <tables>
    <table id="FREQ">
      <column id="name_it" type="string" />
      <column id="name_en" type="string" />
      <column id="FREQ_code" type="string" />
      <data>
        <file encoding="utf-8" format="csv">freq.csv</file>
      </data>
    </table>
    <table id="REF_AREA">
      <column id="name_it" type="string" />
      <column id="name_en" type="string" />
      <column id="REF_AREA_code" type="string" />
      <column id="parent" type="string" />
      <data>
        <file encoding="utf-8" format="csv">ref_area.csv</file>
      </data>
    </table>
    <table id="IND_TYPE">
      <column id="name_it" type="string" />
      <column id="name_en" type="string" />
      <column id="IND_TYPE_code" type="string" />
      <data>
        <file encoding="utf-8" format="csv">ind_type.csv</file>
      </data>
    </table>
    <table id="USO_ENERGIA">
      <column id="name_it" type="string" />
      <column id="name_en" type="string" />
      <column id="USO_ENERGIA_code" type="string" />
      <data>
        <file encoding="utf-8" format="csv">uso_energia.csv</file>
      </data>
    </table>
    <table id="DATI_TBL">
      <column id="REF_AREA_code" type="string" />
      <column id="IND_TYPE_code" type="string" />
      <column id="USO_ENERGIA_code" type="string" />
      <column id="FREQ_code" type="string" />
      <column id="VALUE" type="float" />
      <column id="date" type="date" format="yyyy" />
      <data>
        <file encoding="utf-8" format="csv">DATI.csv</file>
      </data>
    </table>
  </tables>
</dspl>