REF_AREA_code,IND_TYPE_code,USO_ENERGIA_code,FREQ_code,VALUE,date
ITC46,EE_DOM_XAB,1,A,1241.0,2000
ITC46,EE_DOM_XAB,1,A,1298.0,2001
ITC46,EE_DOM_XAB,1,A,1312.0,2002
ITC46,EE_DOM_XAB,1,A,1336.0,2003
ITC46,EE_DOM_XAB,1,A,1336.0,2004
ITC46,EE_DOM_XAB,1,A,1283.0,2005
ITC46,EE_DOM_XAB,1,A,1293.0,2006
ITC46,EE_DOM_XAB,1,A,1300.0,2007
ITC46,EE_DOM_XAB,1,A,1320.0,2008
ITC46,EE_DOM_XAB,1,A,1301.0,2009
ITC46,EE_DOM_XAB,1,A,1299.0,2010
ITC46,EE_DOM_XAB,1,A,1253.0,2011
ITC46,EE_DOM_XAB,1,A,1255.0,2012
ITC46,EE_DOM_XUT,1,A,2533.0,2000
ITC46,EE_DOM_XUT,1,A,2479.0,2001
ITC46,EE_DOM_XUT,1,A,2564.0,2002
ITC46,EE_DOM_XUT,1,A,2514.0,2003
ITC46,EE_DOM_XUT,1,A,2529.0,2004
ITC46,EE_DOM_XUT,1,A,2447.0,2005
ITC46,EE_DOM_XUT,1,A,2440.0,2006
ITC46,EE_DOM_XUT,1,A,2433.0,2007
ITC46,EE_DOM_XUT,1,A,2444.0,2008
ITC46,EE_DOM_XUT,1,A,2409.0,2009
ITC46,EE_DOM_XUT,1,A,2433.0,2010
ITC46,EE_DOM_XUT,1,A,2360.0,2011
ITC46,EE_DOM_XUT,1,A,2347.0,2012
ITC46,GM_DOMRISC_XAB,7,A,712.0,2000
ITC46,GM_DOMRISC_XAB,7,A,770.0,2001
ITC46,GM_DOMRISC_XAB,7,A,791.0,2002
ITC46,GM_DOMRISC_XAB,7,A,867.0,2003
ITC46,GM_DOMRISC_XAB,7,A,867.0,2004
ITC46,GM_DOMRISC_XAB,7,A,852.0,2005
ITC46,GM_DOMRISC_XAB,7,A,845.0,2006
ITC46,GM_DOMRISC_XAB,7,A,827.0,2007
ITC46,GM_DOMRISC_XAB,7,A,836.0,2008
ITC46,GM_DOMRISC_XAB,7,A,846.0,2009
ITC46,GM_DOMRISC_XAB,7,A,868.0,2010
ITC46,GM_DOMRISC_XAB,7,A,787.0,2011
